date,rank,code,name,sector,score,close_price,ma20_score,ma_score,volume_score,breakout_score,risk_score,market_cap_score,sector_heat_bonus,next_day_return,return_3d,return_5d,return_10d,max_gain_5d,max_drawdown_5d
2026-08-21,1,600988,赤峰黄金,B09有色金属矿采选业,69.9,49.43,28.59,23.06,7.88,7.98,-7.12,10.0,2.5,,,,,,
2026-08-21,2,002365,永安药业,C27医药制造业,68.3,16.59,30.0,25.0,13.29,8.01,-7.54,0.0,2.5,,,,,,
2026-08-21,3,600330,天通股份,C39计算机、通信和其他电子设备制造业,61.5,27.27,30.0,25.0,4.7,1.6,-10.77,6.0,5.0,,,,,,
2026-08-21,4,002815,崇达技术,C39计算机、通信和其他电子设备制造业,61.1,13.82,23.06,21.73,9.18,1.15,-2.0,3.0,5.0,,,,,,
2026-08-21,5,603061,金海通,C35专用设备制造业,61.0,365.99,25.24,25.0,7.27,2.39,-6.18,6.0,1.25,,,,,,
2026-08-21,6,002716,湖南白银,C32有色金属冶炼和压延加工业,60.8,10.42,30.0,17.96,11.23,4.87,-8.2,3.0,1.88,,,,,,
2026-08-21,7,600487,亨通光电,C38电气机械和器材制造业,60.5,62.18,23.04,22.67,4.19,0.1,-2.0,10.0,2.5,,,,,,
2026-08-21,8,603773,沃格光电,C39计算机、通信和其他电子设备制造业,60.4,100.99,25.51,25.0,4.68,1.19,-4.02,3.0,5.0,,,,,,
2026-08-21,9,001337,四川黄金,B09有色金属矿采选业,60.3,51.47,28.82,17.5,8.81,3.59,-3.89,3.0,2.5,,,,,,
2026-08-21,10,603580,艾艾精工,C29橡胶和塑料制品业,59.6,80.78,30.0,25.0,8.85,9.0,-17.45,3.0,1.25,,,,,,
2026-08-21,11,600353,旭光电子,C39计算机、通信和其他电子设备制造业,59.6,38.28,30.0,25.0,8.13,3.26,-17.75,6.0,5.0,,,,,,
2026-08-21,12,603936,博敏电子,C39计算机、通信和其他电子设备制造业,59.4,17.6,26.23,25.0,3.9,1.91,-5.62,3.0,5.0,,,,,,
2026-08-21,13,601609,金田股份,C32有色金属冶炼和压延加工业,59.3,13.23,29.83,25.0,5.4,3.52,-9.33,3.0,1.88,,,,,,
2026-08-21,14,600613,神奇制药,C27医药制造业,59.1,9.0,30.0,25.0,15.0,7.96,-21.36,0.0,2.5,,,,,,
2026-08-21,15,603036,如通股份,C35专用设备制造业,58.9,15.79,28.07,25.0,11.36,4.95,-11.78,0.0,1.25,,,,,,
2026-08-21,16,603290,斯达半导,C39计算机、通信和其他电子设备制造业,58.6,97.96,22.65,23.94,8.35,2.24,-6.61,3.0,5.0,,,,,,
2026-08-21,17,600186,莲花控股,C14食品制造业,58.5,11.62,28.19,25.0,5.3,0.0,-3.62,3.0,0.62,,,,,,
2026-08-21,18,600869,远东股份,C38电气机械和器材制造业,57.6,16.92,22.08,19.92,8.47,0.67,-2.0,6.0,2.5,,,,,,
2026-08-21,19,600227,赤天化,C26化学原料和化学制品制造业,57.4,3.95,25.55,21.38,6.85,4.14,-3.63,0.0,3.12,,,,,,
2026-08-21,20,000426,兴业银锡,B09有色金属矿采选业,56.9,40.88,26.44,12.79,9.7,1.7,-2.24,6.0,2.5,,,,,,
2026-08-20,1,600737,中粮糖业,C13农副食品加工业,69.2,15.85,26.02,25.0,9.7,4.66,-4.66,6.0,2.5,-0.081388,,,,,
2026-08-20,2,002365,永安药业,C27医药制造业,66.8,15.76,26.06,25.0,12.03,6.58,-6.02,0.0,3.12,0.052665,,,,,
2026-08-20,3,600330,天通股份,C39计算机、通信和其他电子设备制造业,66.4,27.89,30.0,25.0,5.57,2.0,-9.15,6.0,5.0,-0.02223,,,,,
2026-08-20,4,002637,赞宇科技,C26化学原料和化学制品制造业,65.0,12.1,25.97,21.99,10.85,3.58,-1.8,0.0,4.38,-0.047107,,,,,
2026-08-20,5,603936,博敏电子,C39计算机、通信和其他电子设备制造业,64.7,17.54,26.02,25.0,6.78,2.0,-5.11,3.0,5.0,0.003421,,,,,
2026-08-20,6,600216,浙江医药,C27医药制造业,64.5,14.52,23.37,24.27,7.63,4.64,-1.48,3.0,3.12,-0.088843,,,,,
2026-08-20,7,603881,数据港,I65软件和信息技术服务业,64.4,30.2,22.44,25.0,8.86,4.34,-1.79,3.0,0.62,-0.095033,,,,,
2026-08-20,8,603773,沃格光电,C39计算机、通信和其他电子设备制造业,64.4,103.24,25.42,25.0,6.47,1.72,-4.24,3.0,5.0,-0.021794,,,,,
2026-08-20,9,603113,金能科技,C26化学原料和化学制品制造业,64.3,5.55,26.28,21.1,12.13,7.42,-7.0,0.0,4.38,-0.082883,,,,,
2026-08-20,10,603395,红四方,C26化学原料和化学制品制造业,63.8,30.64,29.69,21.18,13.28,6.65,-11.37,0.0,4.38,-0.099869,,,,,
2026-08-20,11,600487,亨通光电,C38电气机械和器材制造业,63.5,62.02,20.78,24.9,4.49,1.48,-0.05,10.0,1.88,0.00258,,,,,
2026-08-20,12,603290,斯达半导,C39计算机、通信和其他电子设备制造业,63.1,95.62,21.2,21.53,12.66,1.76,-4.03,3.0,5.0,0.024472,,,,,
2026-08-20,13,601609,金田股份,C32有色金属冶炼和压延加工业,62.4,12.87,27.25,25.0,10.46,2.32,-5.56,3.0,1.88,0.027972,,,,,
2026-08-20,14,603083,剑桥科技,C39计算机、通信和其他电子设备制造业,62.1,179.09,18.88,25.0,4.91,1.14,-0.78,6.0,5.0,0.010498,,,,,
2026-08-20,15,600206,有研新材,C32有色金属冶炼和压延加工业,62.0,56.7,28.84,25.0,6.73,2.0,-6.47,6.0,1.88,-0.043386,,,,,
2026-08-20,16,000523,红棉股份,C13农副食品加工业,61.6,3.53,26.46,20.3,12.87,6.66,-7.22,0.0,2.5,-0.09915,,,,,
2026-08-20,17,603002,宏昌电子,C39计算机、通信和其他电子设备制造业,61.3,16.32,22.73,25.0,3.08,1.41,-0.87,3.0,5.0,0.012255,,,,,
2026-08-20,18,002165,红宝丽,C26化学原料和化学制品制造业,60.2,7.79,23.8,18.88,11.49,3.57,-1.95,0.0,4.38,-0.008986,,,,,
2026-08-20,19,001301,尚太科技,C30非金属矿物制品业,60.0,64.18,22.64,17.19,14.11,4.17,-2.29,3.0,1.25,-0.01527,,,,,
2026-08-20,20,603102,百合股份,C14食品制造业,59.5,44.13,29.49,25.0,7.23,1.29,-4.69,0.0,1.25,-0.099932,,,,,
2026-08-19,1,601609,金田股份,C32有色金属冶炼和压延加工业,67.2,12.95,28.7,24.55,15.0,6.0,-11.96,3.0,1.88,-0.006178,,,,,
2026-08-19,2,600367,红星发展,C26化学原料和化学制品制造业,62.9,39.88,28.16,25.0,13.34,4.66,-13.75,3.0,2.5,-0.10005,,,,,
2026-08-19,3,000620,盈新发展,K70房地产业,61.6,3.54,26.7,25.0,14.3,4.48,-12.45,3.0,0.62,-0.081921,,,,,
2026-08-19,4,600313,农发种业,F51批发业,61.4,7.13,27.83,22.45,15.0,6.47,-10.9,0.0,0.62,-0.029453,,,,,
2026-08-19,5,002907,华森制药,C27医药制造业,60.2,16.15,26.85,25.0,11.81,2.0,-9.16,0.0,3.75,-0.06192,,,,,
2026-08-19,6,603580,艾艾精工,C29橡胶和塑料制品业,58.4,67.99,30.0,23.19,9.6,8.35,-13.29,0.0,0.62,0.100015,,,,,
2026-08-19,7,603290,斯达半导,C39计算机、通信和其他电子设备制造业,58.2,100.31,22.45,17.65,14.69,5.68,-10.28,3.0,5.0,-0.046755,,,,,
2026-08-19,8,002202,金风科技,C34通用设备制造业,57.3,22.03,25.12,18.57,14.52,2.24,-11.02,6.0,1.88,-0.09941,,,,,
2026-08-19,9,600371,万向德农,A05农、林、牧、渔专业及辅助性活动,56.1,8.95,30.0,25.0,12.42,7.5,-19.43,0.0,0.62,-0.039106,,,,,
2026-08-19,10,600206,有研新材,C32有色金属冶炼和压延加工业,55.6,58.87,30.0,25.0,9.64,1.88,-18.87,6.0,1.88,-0.036861,,,,,
2026-08-19,11,000153,丰原药业,C27医药制造业,55.0,6.61,25.47,25.0,13.14,3.58,-15.94,0.0,3.75,-0.054463,,,,,
2026-08-19,12,600613,神奇制药,C27医药制造业,53.4,7.78,30.0,25.0,14.56,6.18,-26.15,0.0,3.75,0.100257,,,,,
2026-08-19,13,001400,江顺科技,C35专用设备制造业,53.2,85.94,25.61,18.87,12.54,6.0,-10.99,0.0,1.25,-0.042937,,,,,
2026-08-19,14,002407,多氟多,C26化学原料和化学制品制造业,52.1,37.52,24.88,19.43,6.12,0.33,-7.18,6.0,2.5,-0.040245,,,,,
2026-08-19,15,600737,中粮糖业,C13农副食品加工业,51.8,14.93,24.05,19.84,12.74,3.73,-15.15,6.0,0.62,0.061621,,,,,
2026-08-19,16,600598,北大荒,A01农业,51.3,13.86,22.25,12.06,14.6,4.17,-5.43,3.0,0.62,-0.039683,,,,,
2026-08-19,17,600216,浙江医药,C27医药制造业,51.2,13.93,21.68,22.84,6.46,2.13,-8.56,3.0,3.75,0.042355,,,,,
2026-08-19,18,603629,利通电子,C33金属制品业,51.0,134.95,21.89,25.0,5.76,2.0,-10.86,6.0,1.25,-0.032456,,,,,
2026-08-19,19,002165,红宝丽,C26化学原料和化学制品制造业,50.1,7.41,25.08,12.27,12.17,3.11,-5.03,0.0,2.5,0.051282,,,,,
2026-08-19,20,603881,数据港,I65软件和信息技术服务业,49.9,28.65,19.16,24.02,6.49,1.63,-5.0,3.0,0.62,0.054101,,,,,
2026-08-18,1,605358,立昂微,C39计算机、通信和其他电子设备制造业,67.6,49.62,21.67,22.82,13.97,5.46,-7.3,6.0,5.0,-0.092906,-0.111245,,,,
2026-08-18,2,002741,光华科技,C39计算机、通信和其他电子设备制造业,67.3,28.26,24.51,23.58,12.14,5.59,-6.53,3.0,5.0,-0.090587,-0.078556,,,,
2026-08-18,3,600707,彩虹股份,C39计算机、通信和其他电子设备制造业,66.4,10.8,23.05,21.46,14.83,5.57,-9.49,6.0,5.0,-0.041667,-0.096296,,,,
2026-08-18,4,002815,崇达技术,C39计算机、通信和其他电子设备制造业,65.6,14.43,22.36,21.9,12.82,5.45,-4.89,3.0,5.0,-0.089397,-0.042273,,,,
2026-08-18,5,600645,中源协和,C27医药制造业,64.2,22.45,24.73,24.16,10.21,4.67,-3.81,3.0,1.25,-0.090423,-0.107795,,,,
2026-08-18,6,000837,秦川机床,C34通用设备制造业,63.3,11.48,26.31,23.92,9.84,2.1,-4.33,3.0,2.5,-0.100174,-0.124564,,,,
2026-08-18,7,002436,兴森科技,C39计算机、通信和其他电子设备制造业,63.1,37.56,22.13,24.28,7.04,2.39,-3.76,6.0,5.0,-0.100106,-0.058839,,,,
2026-08-18,8,002792,通宇通讯,C39计算机、通信和其他电子设备制造业,63.0,34.82,28.9,25.0,5.0,0.74,-4.62,3.0,5.0,-0.099943,-0.092763,,,,
2026-08-18,9,600330,天通股份,C39计算机、通信和其他电子设备制造业,62.5,29.39,30.0,25.0,9.43,5.62,-18.56,6.0,5.0,-0.093229,-0.072133,,,,
2026-08-18,10,000716,黑芝麻,C14食品制造业,62.4,5.81,28.2,24.58,12.62,5.49,-10.34,0.0,1.88,-0.099828,-0.173838,,,,
2026-08-18,11,603773,沃格光电,C39计算机、通信和其他电子设备制造业,61.7,112.0,28.68,25.0,12.55,5.7,-18.29,3.0,5.0,-0.036518,-0.098304,,,,
2026-08-18,12,002081,金螳螂,E50建筑装饰、装修和其他建筑业,61.5,6.27,30.0,25.0,15.0,5.9,-17.99,3.0,0.62,-0.100478,-0.178628,,,,
2026-08-18,13,002141,贤丰控股,C38电气机械和器材制造业,61.1,7.18,30.0,25.0,6.52,3.97,-6.87,0.0,2.5,-0.100279,-0.101671,,,,
2026-08-18,14,603936,博敏电子,C39计算机、通信和其他电子设备制造业,61.1,19.12,29.89,25.0,12.04,6.0,-19.79,3.0,5.0,-0.063285,-0.079498,,,,
2026-08-18,15,002031,巨轮智能,C35专用设备制造业,61.0,6.26,27.12,25.0,8.79,1.31,-5.41,3.0,1.25,-0.100639,-0.178914,,,,
2026-08-18,16,002578,闽发铝业,C32有色金属冶炼和压延加工业,60.8,4.01,30.0,25.0,11.81,5.61,-13.54,0.0,1.88,-0.022444,-0.069825,,,,
2026-08-18,17,603002,宏昌电子,C39计算机、通信和其他电子设备制造业,60.7,17.84,25.53,25.0,12.41,3.61,-13.83,3.0,5.0,-0.076794,-0.073991,,,,
2026-08-18,18,002407,多氟多,C26化学原料和化学制品制造业,60.4,37.48,24.61,23.24,5.79,0.36,-2.14,6.0,2.5,0.001067,-0.035486,,,,
2026-08-18,19,000887,中鼎股份,C29橡胶和塑料制品业,60.3,22.33,26.58,25.0,8.88,2.0,-5.73,3.0,0.62,-0.064487,0.003583,,,,
2026-08-18,20,603110,东方材料,C26化学原料和化学制品制造业,60.2,27.79,29.61,21.51,7.58,5.4,-6.35,0.0,2.5,-0.058294,-0.082404,,,,
2026-08-17,1,603738,泰晶科技,C39计算机、通信和其他电子设备制造业,70.0,40.69,27.92,25.0,9.27,5.36,-7.53,3.0,5.0,-0.019661,-0.107152,,,,
2026-08-17,2,000636,风华高科,C39计算机、通信和其他电子设备制造业,69.6,63.44,30.0,25.0,5.0,0.69,-4.06,6.0,5.0,-0.017339,-0.163146,,,,
2026-08-17,3,002724,海洋王,C38电气机械和器材制造业,68.9,7.18,30.0,25.0,12.95,6.74,-10.76,0.0,5.0,-0.098886,-0.178273,,,,
2026-08-17,4,600487,亨通光电,C38电气机械和器材制造业,68.9,65.06,22.33,25.0,7.46,3.88,-4.82,10.0,5.0,0.00538,-0.046726,,,,
2026-08-17,5,600552,凯盛科技,C39计算机、通信和其他电子设备制造业,68.9,19.24,27.0,22.97,6.81,3.65,-1.52,3.0,5.0,0.017672,-0.06185,,,,
2026-08-17,6,600498,烽火通信,C39计算机、通信和其他电子设备制造业,67.0,41.73,21.81,21.47,7.79,3.03,-0.1,6.0,5.0,-0.018692,-0.077402,,,,
2026-08-17,7,002364,中恒电气,C38电气机械和器材制造业,66.5,45.58,24.08,25.0,9.83,2.96,-3.33,3.0,5.0,-0.040807,-0.128346,,,,
2026-08-17,8,603236,移远通信,C39计算机、通信和其他电子设备制造业,66.3,60.3,25.43,23.46,9.97,2.0,-4.53,3.0,5.0,0.033499,-0.006965,,,,
2026-08-17,9,600522,中天科技,C38电气机械和器材制造业,66.1,35.9,20.84,19.76,7.9,2.82,-0.19,10.0,5.0,-0.016992,-0.085237,,,,
2026-08-17,10,000831,中国稀土,C32有色金属冶炼和压延加工业,65.9,62.79,27.9,25.0,6.97,3.56,-4.65,6.0,3.12,-0.004778,-0.077082,,,,
2026-08-17,11,600222,太龙药业,C27医药制造业,65.7,8.95,25.33,24.16,12.64,8.94,-7.3,0.0,1.88,-0.065922,-0.093855,,,,
2026-08-17,12,002174,游族网络,I64互联网和相关服务,65.4,13.56,25.42,24.29,7.28,6.58,-1.74,3.0,0.62,-0.029499,-0.09292,,,,
2026-08-17,13,600110,诺德股份,C39计算机、通信和其他电子设备制造业,64.6,10.83,24.04,24.51,6.22,1.75,-1.88,3.0,5.0,-0.023084,-0.0988,,,,
2026-08-17,14,000887,中鼎股份,C29橡胶和塑料制品业,64.4,20.95,25.23,25.0,9.66,1.53,-0.58,3.0,0.62,0.065871,0.057279,,,,
2026-08-17,15,000070,特发信息,C39计算机、通信和其他电子设备制造业,64.4,15.57,23.94,22.08,5.59,3.01,-0.26,3.0,5.0,-0.01413,-0.062299,,,,
2026-08-17,16,600198,大唐电信,C39计算机、通信和其他电子设备制造业,64.1,8.1,23.07,15.51,12.17,4.21,-0.85,3.0,5.0,-0.046914,-0.064198,,,,
2026-08-17,17,002580,圣阳股份,C38电气机械和器材制造业,64.0,21.97,30.0,25.0,5.14,0.95,-2.08,0.0,5.0,-0.087847,-0.093309,,,,
2026-08-17,18,603936,博敏电子,C39计算机、通信和其他电子设备制造业,64.0,17.38,28.88,25.0,6.03,4.87,-10.76,3.0,5.0,0.100115,0.009206,,,,
2026-08-17,19,603618,杭电股份,C38电气机械和器材制造业,63.8,30.7,22.93,25.0,8.39,4.1,-4.6,3.0,5.0,-0.039088,-0.096417,,,,
2026-08-17,20,603989,艾华集团,C39计算机、通信和其他电子设备制造业,63.7,32.12,21.39,24.87,10.61,2.06,-5.22,3.0,5.0,-0.035492,-0.121731,,,,
2026-08-14,1,000831,中国稀土,C32有色金属冶炼和压延加工业,69.4,60.95,27.83,25.0,10.66,3.79,-6.34,6.0,2.5,0.030189,-0.023134,-0.0758,,0.030189,-0.0758
2026-08-14,2,600645,中源协和,C27医药制造业,68.1,22.33,25.39,21.44,13.66,7.42,-5.34,3.0,2.5,-0.042544,-0.085535,-0.103,,0.005374,-0.103
2026-08-14,3,002149,西部材料,C32有色金属冶炼和压延加工业,64.0,43.61,27.17,25.0,9.87,2.76,-6.26,3.0,2.5,-0.022931,-0.139876,,,,
2026-08-14,4,601579,会稽山,C15酒、饮料和精制茶制造业,63.9,18.68,27.11,24.38,13.95,7.15,-9.29,0.0,0.62,-0.006424,-0.011242,-0.001071,,0.004283,-0.011242
2026-08-14,5,002437,誉衡药业,C27医药制造业,63.8,4.53,30.0,25.0,13.59,8.49,-15.79,0.0,2.5,0.099338,-0.050773,-0.039735,,0.099338,-0.050773
2026-08-14,6,000636,风华高科,C39计算机、通信和其他电子设备制造业,62.0,62.73,28.31,25.0,5.0,1.37,-5.55,6.0,1.88,0.011318,-0.105532,-0.128487,,0.011318,-0.153674
2026-08-14,7,603629,利通电子,C33金属制品业,61.9,137.5,30.0,25.0,8.91,4.23,-13.53,6.0,1.25,0.038836,-0.018545,-0.083855,,0.038836,-0.083855
2026-08-14,8,002580,圣阳股份,C38电气机械和器材制造业,61.5,22.28,30.0,25.0,6.79,2.0,-8.96,3.0,3.75,-0.013914,-0.12702,-0.140934,,-0.013914,-0.140934
2026-08-14,9,000815,美利云,C22造纸和纸制品业,61.1,18.97,30.0,19.0,8.09,1.7,-1.28,3.0,0.62,-0.005799,-0.152346,-0.13126,,-0.005799,-0.152346
2026-08-14,10,603456,九洲药业,C27医药制造业,61.0,17.52,23.99,25.0,5.93,1.21,-0.65,3.0,2.5,-0.02226,-0.066781,-0.052511,,-0.01484,-0.066781
2026-08-14,11,000603,盛达资源,B09有色金属矿采选业,60.9,32.09,30.0,25.0,4.45,0.0,-2.85,3.0,1.25,0.035213,-0.02493,0.140854,,0.140854,-0.02493
2026-08-14,12,002716,湖南白银,C32有色金属冶炼和压延加工业,60.6,8.9,25.65,25.0,4.45,0.0,-0.0,3.0,2.5,0.066292,0.022472,0.170787,,0.170787,0.022472
2026-08-14,13,000506,招金黄金,B09有色金属矿采选业,60.5,17.64,30.0,25.0,4.84,0.0,-3.5,3.0,1.25,0.006236,0.040816,0.177438,,0.177438,0.006236
2026-08-14,14,002219,新里程,Q84卫生,59.9,2.53,26.31,23.29,14.11,5.18,-9.61,0.0,0.62,0.019763,-0.079051,-0.118577,,0.019763,-0.118577
2026-08-14,15,600522,中天科技,C38电气机械和器材制造业,59.9,35.55,18.75,17.46,8.83,1.08,-0.0,10.0,3.75,0.009845,-0.099297,-0.059634,,0.009845,-0.099297
2026-08-14,16,600487,亨通光电,C38电气机械和器材制造业,58.6,62.98,19.66,20.83,8.18,1.12,-4.86,10.0,3.75,0.033026,-0.064624,-0.012702,,0.038584,-0.064624
2026-08-14,17,600206,有研新材,C32有色金属冶炼和压延加工业,58.3,50.78,26.12,25.0,5.0,1.06,-7.4,6.0,2.5,0.100039,0.159315,0.068137,,0.159315,0.068137
2026-08-14,18,002520,日发精机,C34通用设备制造业,58.1,6.65,24.33,25.0,12.51,3.04,-7.99,0.0,1.25,-0.016541,-0.07218,-0.106767,,0.030075,-0.106767
2026-08-14,19,603990,麦迪科技,I65软件和信息技术服务业,58.0,23.38,28.32,25.0,6.45,0.97,-4.02,0.0,1.25,-0.002139,-0.042772,-0.02053,,0.011976,-0.047904
2026-08-14,20,000070,特发信息,C39计算机、通信和其他电子设备制造业,57.9,15.33,21.54,21.81,7.46,2.21,-0.0,3.0,1.88,0.015656,-0.073712,-0.017613,,0.015656,-0.073712
2026-08-13,1,600396,华电辽能,D44电力、热力生产和供应业,66.9,18.73,30.0,25.0,8.48,2.98,-6.93,3.0,4.38,-0.092899,-0.167645,-0.216765,,-0.092899,-0.22157
2026-08-13,2,002400,省广集团,L72商务服务业,63.9,7.95,27.54,20.21,15.0,4.77,-7.22,3.0,0.62,-0.099371,-0.150943,-0.184906,,-0.099371,-0.189937
2026-08-13,3,603228,景旺电子,C39计算机、通信和其他电子设备制造业,63.0,97.2,29.02,25.0,6.75,4.05,-14.26,10.0,2.5,0.008333,0.007202,-0.082099,,0.008333,-0.093519
2026-08-13,4,002589,瑞康医药,F51批发业,62.9,3.71,27.83,25.0,14.23,7.73,-12.53,0.0,0.62,-0.048518,-0.06469,-0.088949,,-0.03504,-0.137466
2026-08-13,5,600868,梅雁吉祥,D44电力、热力生产和供应业,62.7,3.12,24.83,18.43,12.35,6.0,-3.28,0.0,4.38,-0.099359,-0.121795,-0.13141,,-0.099359,-0.144231
2026-08-13,6,603456,九洲药业,C27医药制造业,62.2,18.26,22.0,24.37,10.53,7.05,-5.96,3.0,1.25,-0.040526,-0.078861,-0.054765,,-0.040526,-0.1046
2026-08-13,7,603897,长城科技,C38电气机械和器材制造业,61.8,34.68,29.5,25.0,14.73,6.0,-15.38,0.0,1.88,-0.077278,-0.074394,-0.138697,,-0.074394,-0.166955
2026-08-13,8,600722,金牛化工,C26化学原料和化学制品制造业,61.2,12.52,30.0,25.0,7.29,3.66,-5.9,0.0,1.25,-0.099042,0.039936,0.057508,,0.057508,-0.099042
2026-08-13,9,002229,鸿博股份,C23印刷和记录媒介复制业,60.3,13.65,30.0,25.0,15.0,5.18,-15.44,0.0,0.62,-0.079853,-0.078388,-0.207326,,0.012454,-0.207326
2026-08-13,10,002682,龙洲股份,G54道路运输业,60.3,5.12,24.15,25.0,13.11,3.74,-7.61,0.0,1.88,-0.09375,-0.068359,-0.111328,,-0.003906,-0.132812
2026-08-13,11,000973,佛塑科技,C29橡胶和塑料制品业,60.1,14.12,23.08,22.82,9.1,3.43,-3.21,3.0,1.88,0.010623,-0.026912,0.01983,,0.01983,-0.026912
2026-08-13,12,600744,华银电力,D44电力、热力生产和供应业,59.6,7.8,26.91,16.72,9.24,1.56,-2.22,3.0,4.38,-0.098718,-0.133333,-0.180769,,-0.098718,-0.180769
2026-08-13,13,603696,安记食品,C14食品制造业,58.5,16.37,30.0,25.0,8.8,6.86,-12.79,0.0,0.62,-0.100183,-0.117288,-0.186316,,-0.100183,-0.198534
2026-08-13,14,000815,美利云,C22造纸和纸制品业,58.2,18.36,29.01,22.43,7.62,0.32,-4.8,3.0,0.62,0.033224,-0.026688,-0.122549,,0.033224,-0.124183
2026-08-13,15,002582,好想你,C13农副食品加工业,57.8,11.5,24.09,22.45,13.24,5.73,-8.29,0.0,0.62,-0.03913,0.022609,-0.07913,,0.022609,-0.08
2026-08-13,16,603330,天洋新材,C29橡胶和塑料制品业,57.7,9.71,29.68,25.0,12.83,9.0,-20.67,0.0,1.88,0.099897,0.15242,-0.066941,,0.210093,-0.066941
2026-08-13,17,002149,西部材料,C32有色金属冶炼和压延加工业,57.6,42.82,23.56,25.0,7.9,3.98,-8.36,3.0,2.5,0.018449,-0.030827,-0.14269,,0.018449,-0.14269
2026-08-13,18,603191,望变电气,C38电气机械和器材制造业,57.4,16.94,27.04,23.17,12.82,6.0,-13.55,0.0,1.88,-0.050177,-0.087957,-0.131641,,-0.050177,-0.132822
2026-08-13,19,000767,晋控电力,D44电力、热力生产和供应业,57.1,4.15,24.75,11.7,13.74,1.56,-2.0,3.0,4.38,-0.084337,-0.146988,-0.178313,,-0.084337,-0.178313
2026-08-13,20,002219,新里程,Q84卫生,56.8,2.5,23.7,21.53,12.05,7.41,-8.49,0.0,0.62,0.012,0.0,-0.06,,0.032,-0.068
2026-08-11,1,601020,华钰矿业,B09有色金属矿采选业,61.4,22.66,22.87,25.0,11.1,2.14,-7.13,3.0,4.38,0.006178,-0.031774,-0.042365,,0.006178,-0.042365
2026-08-11,2,601678,滨化股份,C26化学原料和化学制品制造业,60.6,7.11,28.14,25.0,3.88,1.72,-2.34,3.0,1.25,0.005626,-0.005626,-0.036568,,0.005626,-0.036568
2026-08-11,3,600711,盛屯矿业,B09有色金属矿采选业,60.5,12.4,23.27,25.0,9.08,2.0,-9.21,6.0,4.38,0.003226,-0.056452,-0.037097,,0.003226,-0.056452
2026-08-11,4,000815,美利云,C22造纸和纸制品业,60.1,18.88,30.0,25.0,8.0,0.68,-7.19,3.0,0.62,-0.007945,0.004767,-0.053496,,0.004767,-0.053496
2026-08-11,5,600611,大众交通,G54道路运输业,57.7,5.02,29.11,25.0,9.72,2.1,-8.82,0.0,0.62,0.045817,0.011952,-0.069721,,0.045817,-0.069721
2026-08-11,6,002131,利欧股份,L72商务服务业,57.3,5.3,26.48,25.0,4.23,0.0,-5.02,6.0,0.62,0.041509,0.00566,-0.045283,,0.049057,-0.045283
2026-08-11,7,600722,金牛化工,C26化学原料和化学制品制造业,56.6,12.13,30.0,25.0,8.02,1.54,-9.16,0.0,1.25,-0.022259,-0.070074,0.073372,,0.073372,-0.070074
2026-08-11,8,600698,湖南天雁,C36汽车制造业,56.6,7.35,26.29,21.09,12.25,3.79,-8.04,0.0,1.25,-0.005442,-0.036735,-0.059864,,-0.005442,-0.059864
2026-08-11,9,002649,博彦科技,I65软件和信息技术服务业,56.6,10.36,26.1,25.0,4.47,1.86,-2.0,0.0,1.25,0.009653,-0.024131,-0.055985,,0.009653,-0.055985
2026-08-11,10,002194,武汉凡谷,C39计算机、通信和其他电子设备制造业,56.6,11.0,27.64,25.0,9.7,2.76,-10.96,0.0,2.5,0.002727,-0.05,-0.065455,,0.002727,-0.065455
2026-08-11,11,002229,鸿博股份,C23印刷和记录媒介复制业,56.2,11.74,25.13,23.13,10.18,4.08,-6.94,0.0,0.62,0.099659,0.069847,0.07155,,0.177172,0.069847
2026-08-11,12,002716,湖南白银,C32有色金属冶炼和压延加工业,56.2,9.59,25.78,25.0,14.13,3.24,-17.48,3.0,2.5,0.019812,-0.07195,-0.016684,,0.019812,-0.07195
2026-08-11,13,002388,新亚制程,C39计算机、通信和其他电子设备制造业,56.1,5.87,30.0,25.0,6.65,3.91,-11.98,0.0,2.5,0.040886,0.0,0.061329,,0.061329,0.0
2026-08-11,14,002896,中大力德,C34通用设备制造业,56.0,83.0,22.9,25.0,8.54,3.8,-7.88,3.0,0.62,-0.034096,-0.065542,0.022771,,0.022771,-0.065542
2026-08-11,15,002703,浙江世宝,C36汽车制造业,55.9,15.59,24.83,25.0,6.71,1.05,-3.0,0.0,1.25,-0.025016,-0.062219,-0.005773,,-0.005773,-0.069917
2026-08-11,16,000859,国风新材,C29橡胶和塑料制品业,55.5,10.48,27.8,25.0,11.95,6.0,-16.53,0.0,1.25,-0.026718,-0.079198,-0.109733,,-0.026718,-0.109733
2026-08-11,17,002425,凯撒文化,I64互联网和相关服务,55.0,3.47,27.31,25.0,9.45,1.74,-10.4,0.0,1.88,0.0,-0.063401,-0.100865,,0.0,-0.100865
2026-08-11,18,001258,立新能源,D44电力、热力生产和供应业,54.8,15.93,30.0,25.0,8.98,6.55,-20.07,3.0,1.25,-0.029504,-0.136849,-0.161959,,-0.029504,-0.161959
2026-08-11,19,601212,白银有色,C32有色金属冶炼和压延加工业,54.3,5.83,24.36,25.0,13.58,2.12,-19.23,6.0,2.5,-0.008576,-0.066895,-0.039451,,-0.008576,-0.066895
2026-08-11,20,600403,大有能源,B06煤炭开采和洗选业,54.1,6.7,26.97,25.0,8.28,2.5,-12.21,3.0,0.62,0.001493,-0.056716,-0.074627,,0.001493,-0.074627
2026-08-10,1,603228,景旺电子,C39计算机、通信和其他电子设备制造业,74.2,96.0,30.0,24.14,12.56,6.49,-9.79,10.0,3.75,-0.07,0.0125,0.009688,,0.023021,-0.07
2026-08-10,2,600711,盛屯矿业,B09有色金属矿采选业,69.9,12.74,26.39,23.4,11.02,5.49,-4.29,6.0,1.88,-0.026688,-0.069859,-0.054945,,-0.023548,-0.081633
2026-08-10,3,000831,中国稀土,C32有色金属冶炼和压延加工业,69.4,58.36,26.84,20.68,14.53,3.83,-4.43,6.0,1.88,-0.04318,-0.050548,0.075908,,0.075908,-0.050548
2026-08-10,4,603799,华友钴业,C32有色金属冶炼和压延加工业,66.7,46.07,22.7,19.18,11.34,4.46,-2.85,10.0,1.88,-0.05318,-0.084654,-0.065335,,-0.05318,-0.084654
2026-08-10,5,002716,湖南白银,C32有色金属冶炼和压延加工业,66.6,9.4,26.38,25.0,10.73,3.96,-4.38,3.0,1.88,0.020213,-0.03617,0.009574,,0.040426,-0.053191
2026-08-10,6,600267,海正药业,C27医药制造业,66.0,14.24,25.67,15.56,15.0,9.0,-3.44,3.0,1.25,-0.027388,-0.019663,0.009129,,0.009129,-0.027388
2026-08-10,7,601678,滨化股份,C26化学原料和化学制品制造业,65.1,7.43,30.0,25.0,4.98,3.14,-4.17,3.0,3.12,-0.043069,-0.041723,-0.060565,,-0.037685,-0.060565
2026-08-10,8,001337,四川黄金,B09有色金属矿采选业,64.3,51.38,30.0,25.0,8.94,5.84,-10.38,3.0,1.88,-0.078241,-0.113274,-0.067147,,-0.067147,-0.113274
2026-08-10,9,603328,依顿电子,C39计算机、通信和其他电子设备制造业,64.3,11.42,22.12,22.57,13.15,5.0,-5.21,3.0,3.75,-0.033275,-0.057793,-0.011384,,-0.011384,-0.057793
2026-08-10,10,002900,哈三联,C27医药制造业,61.8,14.83,30.0,25.0,11.07,9.0,-14.55,0.0,1.25,-0.016858,-0.041133,0.006069,,0.006069,-0.061362
2026-08-10,11,000603,盛达资源,B09有色金属矿采选业,61.7,37.12,30.0,25.0,8.78,7.43,-14.4,3.0,1.88,-0.069235,-0.132274,-0.105065,,-0.069235,-0.135506
2026-08-10,12,600230,沧州大化,C26化学原料和化学制品制造业,61.7,15.93,26.16,25.0,6.2,5.47,-4.27,0.0,3.12,-0.035154,-0.074074,-0.057125,,-0.020088,-0.097928
2026-08-10,13,600722,金牛化工,C26化学原料和化学制品制造业,61.1,12.52,30.0,25.0,8.26,5.24,-10.54,0.0,3.12,-0.03115,0.0,-0.054313,,0.0,-0.099042
2026-08-10,14,000533,顺钠股份,C38电气机械和器材制造业,61.1,12.65,30.0,25.0,6.96,1.78,-7.06,0.0,4.38,0.017391,-0.026087,-0.042688,,0.017391,-0.084585
2026-08-10,15,600326,西藏天路,C30非金属矿物制品业,61.0,8.36,29.23,25.0,9.13,4.26,-10.25,3.0,0.62,-0.063397,-0.104067,-0.124402,,-0.063397,-0.126794
2026-08-10,16,603988,中电电机,C38电气机械和器材制造业,60.1,23.51,30.0,25.0,5.99,4.94,-10.24,0.0,4.38,-0.00638,-0.064228,-0.108039,,0.004254,-0.108039
2026-08-10,17,002309,中利集团,C38电气机械和器材制造业,60.0,3.43,29.31,16.06,8.71,2.08,-0.52,0.0,4.38,-0.005831,-0.017493,-0.037901,,0.011662,-0.049563
2026-08-10,18,002649,博彦科技,I65软件和信息技术服务业,59.5,10.79,28.21,25.0,10.32,2.0,-7.24,0.0,1.25,-0.039852,-0.0519,-0.070436,,-0.030584,-0.070436
2026-08-10,19,601700,风范股份,C33金属制品业,59.4,7.08,30.0,25.0,14.89,4.57,-15.64,0.0,0.62,-0.025424,0.002825,0.019774,,0.072034,-0.073446
2026-08-10,20,600744,华银电力,D44电力、热力生产和供应业,59.0,7.73,29.55,21.06,8.41,1.07,-6.01,3.0,1.88,-0.032342,0.009056,-0.108668,,0.009056,-0.108668
2026-08-07,1,002721,金一文化,C24文教、工美、体育和娱乐用品制造业,65.3,3.08,29.4,25.0,15.0,6.32,-10.99,0.0,0.62,-0.100649,-0.022727,-0.12987,-0.113636,-0.00974,-0.12987
2026-08-07,2,600326,西藏天路,C30非金属矿物制品业,63.5,7.6,23.21,24.15,12.93,3.12,-4.23,3.0,1.25,0.1,0.028947,-0.039474,-0.076316,0.1,-0.039474
2026-08-07,3,600722,金牛化工,C26化学原料和化学制品制造业,62.5,11.38,29.41,24.87,9.41,1.14,-3.66,0.0,1.25,0.100176,0.042179,-0.008787,0.243409,0.100176,-0.008787
2026-08-07,4,600664,哈药股份,C27医药制造业,61.1,6.84,30.0,25.0,5.0,5.67,-10.08,3.0,2.5,0.099415,0.288012,0.302632,0.194444,0.302632,0.099415
2026-08-07,5,002365,永安药业,C27医药制造业,59.7,13.85,26.88,13.98,12.3,4.07,-0.0,0.0,2.5,-0.012274,-0.023827,-0.045487,0.197834,-0.012274,-0.045487
2026-08-07,6,002194,武汉凡谷,C39计算机、通信和其他电子设备制造业,59.5,11.1,25.83,25.0,12.94,6.0,-15.33,0.0,3.12,-0.099099,-0.006306,-0.058559,-0.094595,-0.006306,-0.099099
2026-08-07,7,000889,中嘉博创,I65软件和信息技术服务业,59.5,3.98,25.86,24.52,5.05,1.45,-2.5,0.0,3.12,0.005025,0.025126,0.022613,-0.030151,0.032663,0.0
2026-08-07,8,600396,华电辽能,D44电力、热力生产和供应业,59.4,17.73,29.05,25.0,5.26,2.75,-6.16,3.0,2.5,-0.029329,-0.031021,-0.041737,-0.194585,0.056402,-0.052453
2026-08-07,9,603799,华友钴业,C32有色金属冶炼和压延加工业,59.2,44.01,18.85,13.12,14.39,3.62,-0.0,10.0,1.25,0.046808,-0.014315,-0.037719,-0.07771,0.046808,-0.041809
2026-08-07,10,000603,盛达资源,B09有色金属矿采选业,59.1,34.43,30.0,25.0,9.83,6.42,-15.01,3.0,1.88,0.07813,-0.000581,-0.067964,0.063317,0.07813,-0.067964
2026-08-07,11,001337,四川黄金,B09有色金属矿采选业,58.5,47.77,26.3,25.0,7.53,3.79,-7.0,3.0,1.88,0.07557,-0.002093,-0.029516,0.077454,0.07557,-0.046263
2026-08-07,12,600449,宁夏建材,C30非金属矿物制品业,58.4,15.5,25.19,25.0,10.31,6.91,-10.36,0.0,1.25,-0.1,-0.183871,-0.241935,-0.206452,-0.1,-0.241935
2026-08-07,13,000815,美利云,C22造纸和纸制品业,58.3,18.03,26.23,25.0,5.32,2.0,-3.83,3.0,0.62,0.010538,0.038824,0.052135,-0.085968,0.052135,0.010538
2026-08-07,14,002716,湖南白银,C32有色金属冶炼和压延加工业,57.5,9.09,22.16,25.0,8.39,2.73,-3.03,3.0,1.25,0.034103,0.075908,-0.020902,0.146315,0.075908,-0.020902
2026-08-07,15,600744,华银电力,D44电力、热力生产和供应业,57.1,7.88,29.33,20.22,6.36,2.0,-4.35,3.0,2.5,-0.019036,-0.045685,-0.107868,-0.189086,-0.010152,-0.107868
2026-08-07,16,000533,顺钠股份,C38电气机械和器材制造业,56.3,12.13,28.82,25.0,4.27,2.0,-5.71,0.0,1.88,0.042869,0.045342,-0.045342,-0.116241,0.061006,-0.045342
2026-08-07,17,601678,滨化股份,C26化学原料和化学制品制造业,56.1,7.29,28.05,19.18,7.75,3.14,-6.2,3.0,1.25,0.019204,-0.019204,-0.030178,-0.112483,0.019204,-0.030178
2026-08-07,18,002793,罗欣药业,C27医药制造业,56.0,5.33,22.24,16.9,9.12,5.29,-0.0,0.0,2.5,-0.005629,0.0,-0.007505,-0.061914,0.0,-0.009381
2026-08-07,19,002413,雷科防务,C39计算机、通信和其他电子设备制造业,55.8,9.17,15.0,18.25,14.98,2.0,-2.51,3.0,3.12,-0.015267,-0.040349,-0.057797,-0.153762,-0.015267,-0.057797
2026-08-07,20,000676,智度股份,L72商务服务业,55.5,7.66,29.49,23.32,8.63,0.9,-8.12,0.0,1.25,-0.023499,-0.031332,-0.039164,-0.155352,-0.023499,-0.083551
2026-08-06,1,000603,盛达资源,B09有色金属矿采选业,66.1,31.3,30.0,25.0,12.16,5.77,-10.29,3.0,2.5,0.1,0.103834,0.029073,0.063259,0.185942,0.029073
2026-08-06,2,000889,中嘉博创,I65软件和信息技术服务业,65.9,4.12,28.24,24.94,10.03,2.74,-5.17,0.0,3.12,-0.033981,-0.033981,-0.002427,-0.072816,-0.002427,-0.033981
2026-08-06,3,000839,国安股份,I65软件和信息技术服务业,65.3,3.14,26.57,25.0,8.18,4.92,-7.44,3.0,3.12,-0.073248,-0.06051,-0.117834,-0.140127,-0.057325,-0.117834
2026-08-06,4,002649,博彦科技,I65软件和信息技术服务业,64.7,11.29,29.96,23.08,12.81,7.5,-13.76,0.0,3.12,-0.055802,-0.082374,-0.093888,-0.16209,-0.044287,-0.093888
2026-08-06,5,600354,敦煌种业,A05农、林、牧、渔专业及辅助性活动,64.5,6.42,27.04,18.97,12.45,5.8,-0.36,0.0,0.62,-0.038941,-0.05919,-0.05296,0.065421,-0.02648,-0.05919
2026-08-06,6,001337,四川黄金,B09有色金属矿采选业,63.3,45.01,23.87,25.0,10.25,4.55,-3.86,3.0,2.5,0.06132,0.052211,0.01222,0.079094,0.141524,0.01222
2026-08-06,7,600611,大众交通,G54道路运输业,62.6,4.89,28.57,24.12,14.42,4.64,-9.73,0.0,0.62,-0.06953,0.026585,-0.00409,-0.087935,0.07362,-0.06953
2026-08-06,8,000676,智度股份,L72商务服务业,62.2,7.5,29.72,25.0,3.81,1.73,-0.53,0.0,2.5,0.021333,-0.017333,-0.064,-0.134667,0.021333,-0.064
2026-08-06,9,002766,索菱股份,C39计算机、通信和其他电子设备制造业,61.9,4.43,26.13,23.28,12.62,3.42,-7.43,0.0,1.88,-0.074492,-0.083521,-0.076749,-0.063205,-0.060948,-0.083521
2026-08-06,10,002703,浙江世宝,C36汽车制造业,60.6,16.35,25.11,25.0,14.45,3.23,-9.05,0.0,1.88,-0.077064,-0.046483,-0.11315,-0.177982,-0.046483,-0.11315
2026-08-06,11,000506,招金黄金,B09有色金属矿采选业,60.2,16.48,25.28,25.0,7.49,5.78,-6.86,3.0,2.5,0.100121,0.146238,0.064927,0.180218,0.209951,0.064927
2026-08-06,12,603106,恒银科技,C39计算机、通信和其他电子设备制造业,60.0,10.04,30.0,25.0,14.16,4.96,-18.04,0.0,1.88,-0.099602,-0.069721,-0.10757,-0.281873,-0.049801,-0.154382
2026-08-06,13,002355,兴民智通,C36汽车制造业,58.6,5.04,24.41,21.33,12.64,3.83,-5.49,0.0,1.88,-0.065476,-0.065476,-0.037698,-0.041667,-0.037698,-0.071429
2026-08-06,14,600121,郑州煤电,B06煤炭开采和洗选业,58.5,4.26,24.73,16.98,12.91,5.75,-1.21,0.0,1.25,-0.061033,-0.046948,-0.07277,-0.068075,-0.046948,-0.07277
2026-08-06,15,603039,泛微网络,I65软件和信息技术服务业,57.8,49.1,30.0,25.0,7.17,7.2,-19.68,3.0,3.12,-0.07169,-0.089002,-0.055804,-0.125255,-0.055804,-0.089002
2026-08-06,16,000426,兴业银锡,B09有色金属矿采选业,57.6,37.58,22.72,21.25,9.79,4.22,-6.92,6.0,2.5,0.050559,0.030601,0.007983,0.026078,0.082225,0.007983
2026-08-06,17,600962,国投中鲁,C15酒、饮料和精制茶制造业,57.5,30.51,27.39,24.79,9.92,7.85,-13.62,0.0,1.25,-0.076041,-0.055719,-0.155687,-0.173386,-0.055719,-0.155687
2026-08-06,18,603716,塞力医疗,F51批发业,57.0,17.56,26.66,22.8,8.71,4.18,-5.93,0.0,0.62,0.025057,0.010251,0.009112,-0.014806,0.063212,0.009112
2026-08-06,19,002303,美盈森,C22造纸和纸制品业,56.9,5.59,26.94,20.67,7.13,7.65,-6.81,0.0,1.25,-0.044723,-0.048301,-0.059034,-0.175313,-0.021467,-0.059034
2026-08-06,20,000533,顺钠股份,C38电气机械和器材制造业,56.6,12.12,29.5,25.0,5.85,1.86,-8.75,0.0,3.12,0.000825,0.061881,0.016502,-0.106436,0.061881,0.000825
2026-08-05,1,000676,智度股份,L72商务服务业,63.4,7.85,30.0,23.85,6.74,3.82,-4.13,0.0,3.12,-0.044586,-0.047134,-0.054777,-0.187261,-0.024204,-0.061146
2026-08-05,2,002366,融发核电,C35专用设备制造业,62.8,6.74,27.27,25.0,10.91,2.88,-6.89,3.0,0.62,-0.050445,-0.060831,-0.087537,-0.166172,-0.050445,-0.087537
2026-08-05,3,600556,天下秀,I64互联网和相关服务,62.4,5.54,27.86,22.7,10.76,6.0,-10.4,3.0,2.5,-0.059567,-0.075812,-0.074007,-0.16787,-0.059567,-0.086643
2026-08-05,4,002131,利欧股份,L72商务服务业,62.4,5.67,29.41,24.1,9.5,3.41,-13.08,6.0,3.12,-0.03351,-0.047619,-0.026455,-0.183422,-0.026455,-0.065256
2026-08-05,5,600664,哈药股份,C27医药制造业,62.1,6.77,30.0,25.0,6.41,7.14,-10.69,3.0,1.25,-0.081241,0.110783,0.301329,0.338257,0.301329,-0.081241
2026-08-05,6,600936,北投科技,I63电信、广播电视和卫星传输服务,61.1,6.17,28.57,25.0,5.99,4.0,-6.09,3.0,0.62,-0.047002,-0.001621,0.001621,-0.235008,0.001621,-0.092382
2026-08-05,7,002607,中公教育,P83教育,60.9,2.35,22.63,24.81,14.1,4.54,-9.43,3.0,1.25,-0.076596,-0.059574,-0.06383,-0.144681,-0.059574,-0.085106
2026-08-05,8,603682,锦和商管,L72商务服务业,60.3,11.01,29.7,24.36,7.81,7.64,-12.34,0.0,3.12,0.035422,0.051771,0.118074,0.063579,0.118074,0.024523
2026-08-05,9,603533,掌阅科技,I64互联网和相关服务,60.0,23.73,26.68,24.17,7.37,3.76,-7.49,3.0,2.5,-0.026127,-0.038348,-0.044669,-0.128529,-0.016856,-0.051833
2026-08-05,10,603039,泛微网络,I65软件和信息技术服务业,59.9,44.64,27.57,25.0,10.84,4.99,-13.96,3.0,2.5,0.09991,0.015905,0.02509,-0.022177,0.09991,0.002016
2026-08-05,11,002181,粤传媒,L72商务服务业,59.3,9.87,21.92,15.72,13.84,5.07,-3.39,3.0,3.12,-0.050659,-0.067882,-0.049645,-0.156028,-0.049645,-0.074975
2026-08-05,12,002400,省广集团,L72商务服务业,59.3,7.13,23.91,22.82,4.66,3.61,-1.79,3.0,3.12,-0.02805,-0.026648,0.02805,-0.096774,0.02805,-0.030856
2026-08-05,13,600756,浪潮软件,I65软件和信息技术服务业,58.9,16.67,25.29,24.16,4.69,2.36,-0.15,0.0,2.5,-0.04919,-0.053389,-0.017996,-0.123575,-0.017996,-0.066587
2026-08-05,14,600162,香江控股,K70房地产业,58.5,3.38,30.0,25.0,5.95,2.77,-9.55,3.0,1.25,0.038462,0.153846,0.39645,0.198225,0.39645,0.038462
2026-08-05,15,600986,浙文互联,I64互联网和相关服务,58.5,8.16,26.01,24.88,6.38,2.74,-7.02,3.0,2.5,-0.014706,-0.015931,0.009804,-0.136029,0.009804,-0.015931
2026-08-05,16,000506,招金黄金,B09有色金属矿采选业,58.1,15.62,22.85,22.18,8.09,4.8,-3.98,3.0,1.25,0.055058,0.276569,0.22023,0.175416,0.276569,0.055058
2026-08-05,17,002912,中新赛克,I65软件和信息技术服务业,57.8,22.2,24.42,21.88,12.17,5.11,-8.32,0.0,2.5,-0.057207,-0.071171,-0.087838,-0.159009,-0.057207,-0.087838
2026-08-05,18,600468,百利电气,C38电气机械和器材制造业,57.8,6.74,27.66,25.0,10.71,2.56,-12.51,0.0,4.38,-0.043027,-0.01632,-0.057864,-0.142433,-0.01632,-0.074184
2026-08-05,19,002298,中电鑫龙,C38电气机械和器材制造业,56.6,8.78,25.45,25.0,3.06,0.3,-1.59,0.0,4.38,-0.025057,0.063781,0.061503,-0.080866,0.063781,-0.03303
2026-08-05,20,000566,海南海药,C27医药制造业,56.5,6.13,23.08,25.0,7.0,3.82,-3.63,0.0,1.25,-0.045677,-0.013051,-0.045677,-0.181077,-0.013051,-0.045677
2026-08-04,1,600468,百利电气,C38电气机械和器材制造业,69.1,6.72,26.76,25.0,13.19,6.0,-6.83,0.0,5.0,0.002976,-0.071429,-0.061012,-0.09375,0.002976,-0.071429
2026-08-04,2,600815,厦工股份,C35专用设备制造业,61.5,3.49,28.84,25.0,11.73,6.0,-11.96,0.0,1.88,-0.037249,-0.060172,0.031519,0.140401,0.034384,-0.060172
2026-08-04,3,603956,威派格,C35专用设备制造业,61.4,7.18,25.46,25.0,9.93,5.74,-6.67,0.0,1.88,-0.036212,-0.036212,-0.018106,-0.01532,-0.018106,-0.036212
2026-08-04,4,603533,掌阅科技,I64互联网和相关服务,60.9,23.12,26.09,21.79,7.08,3.93,-3.44,3.0,2.5,0.026384,0.009083,-0.026817,-0.071367,0.026384,-0.026817
2026-08-04,5,600936,北投科技,I63电信、广播电视和卫星传输服务,60.5,5.87,27.91,25.0,8.18,3.28,-4.44,0.0,0.62,0.051107,-0.045997,0.035775,-0.163543,0.051107,-0.045997
2026-08-04,6,600192,长城电工,C38电气机械和器材制造业,59.9,7.7,25.43,20.54,12.12,5.51,-8.74,0.0,5.0,0.011688,-0.068831,-0.020779,-0.087013,0.024675,-0.068831
2026-08-04,7,002498,汉缆股份,C38电气机械和器材制造业,58.8,7.38,23.83,25.0,6.43,2.89,-7.34,3.0,5.0,-0.017615,-0.075881,-0.058266,-0.105691,-0.017615,-0.075881
2026-08-04,8,600986,浙文互联,I64互联网和相关服务,58.4,8.08,25.58,22.93,8.84,2.91,-7.33,3.0,2.5,0.009901,-0.002475,0.007426,-0.076733,0.009901,-0.006188
2026-08-04,9,600756,浪潮软件,I65软件和信息技术服务业,58.4,16.18,27.26,24.65,3.26,1.02,-2.28,0.0,2.5,0.030284,-0.038319,-0.033993,-0.039555,0.030284,-0.038319
2026-08-04,10,002400,省广集团,L72商务服务业,58.3,6.99,23.6,20.74,5.61,3.41,-1.15,3.0,3.12,0.020029,-0.011445,-0.011445,-0.034335,0.020029,-0.011445
2026-08-04,11,002279,久其软件,I65软件和信息技术服务业,58.2,7.0,26.03,25.0,3.64,1.98,-2.96,0.0,2.5,-0.001429,-0.024286,0.002857,-0.035714,0.008571,-0.024286
2026-08-04,12,600162,香江控股,K70房地产业,57.5,3.24,29.84,25.0,3.81,2.0,-5.45,3.0,1.25,0.04321,0.148148,0.324074,0.32716,0.324074,0.04321
2026-08-04,13,603039,泛微网络,I65软件和信息技术服务业,56.8,41.48,23.76,18.73,14.27,3.37,-10.79,3.0,2.5,0.076181,0.098843,0.078351,0.06244,0.183703,0.076181
2026-08-04,14,002366,融发核电,C35专用设备制造业,56.7,6.44,23.37,25.0,14.24,3.84,-14.66,3.0,1.88,0.046584,-0.040373,-0.026398,-0.085404,0.046584,-0.040373
2026-08-04,15,002440,闰土股份,C26化学原料和化学制品制造业,56.7,12.75,23.98,25.0,2.14,0.69,-0.0,3.0,1.88,0.023529,0.039216,0.021176,0.037647,0.087843,0.021176
2026-08-04,16,002131,利欧股份,L72商务服务业,56.6,5.43,27.27,18.7,13.58,5.22,-17.3,6.0,3.12,0.044199,0.005525,-0.023941,-0.06814,0.044199,-0.023941
2026-08-04,17,002212,天融信,I65软件和信息技术服务业,56.3,6.66,24.52,23.67,3.14,1.89,-1.44,0.0,2.5,0.004505,0.021021,0.076577,-0.045045,0.105105,-0.021021
2026-08-04,18,002606,大连电瓷,C38电气机械和器材制造业,55.5,14.97,22.37,22.5,4.18,1.49,-0.0,0.0,5.0,-0.018704,-0.037408,-0.024048,-0.026052,-0.008684,-0.037408
2026-08-04,19,002112,三变科技,C38电气机械和器材制造业,55.4,17.42,21.32,22.95,5.53,2.8,-2.19,0.0,5.0,-0.017222,-0.076349,-0.009185,-0.032721,0.016073,-0.076349
2026-08-04,20,603598,引力传媒,L72商务服务业,55.2,18.83,23.28,15.81,11.81,4.77,-3.55,0.0,3.12,-0.028147,-0.040361,-0.046734,-0.050451,-0.028147,-0.046734
2026-08-03,1,600756,浪潮软件,I65软件和信息技术服务业,64.2,16.59,27.52,25.0,4.85,2.64,-1.48,0.0,3.75,-0.024714,-0.044605,-0.048825,-0.10428,0.004822,-0.062086
2026-08-03,2,600986,浙文互联,I64互联网和相关服务,61.6,7.89,23.33,21.25,12.08,3.42,-3.41,3.0,1.88,0.024081,0.019011,0.017744,-0.008872,0.034221,0.017744
2026-08-03,3,000676,智度股份,L72商务服务业,61.2,7.59,30.0,23.68,7.04,2.75,-5.35,0.0,3.12,0.006588,-0.011858,-0.014493,-0.077734,0.034256,-0.014493
2026-08-03,4,002882,金龙羽,C38电气机械和器材制造业,60.0,23.98,26.99,24.59,12.26,4.17,-12.96,0.0,5.0,-0.037114,-0.08382,-0.020851,-0.071309,-0.020851,-0.086739
2026-08-03,5,600588,用友网络,I65软件和信息技术服务业,59.2,11.2,24.48,20.3,14.27,3.48,-15.0,6.0,3.75,0.016071,0.070536,0.058929,0.0375,0.070536,0.016071
2026-08-03,6,002498,汉缆股份,C38电气机械和器材制造业,57.7,7.24,21.79,25.0,6.07,1.26,-4.46,3.0,5.0,0.019337,-0.05663,-0.031768,-0.064917,0.019337,-0.058011
2026-08-03,7,000948,南天信息,I65软件和信息技术服务业,57.6,15.19,25.69,20.73,3.49,2.0,-0.0,0.0,3.75,0.003292,-0.01185,0.001317,-0.0553,0.01975,-0.025675
2026-08-03,8,002279,久其软件,I65软件和信息技术服务业,57.5,6.9,24.69,25.0,2.84,2.02,-2.78,0.0,3.75,0.014493,0.011594,0.023188,0.002899,0.023188,-0.010145
2026-08-03,9,002400,省广集团,L72商务服务业,56.6,6.8,21.29,19.36,7.46,2.41,-0.01,3.0,3.12,0.027941,0.019118,0.020588,0.029412,0.048529,0.016176
2026-08-03,10,002212,天融信,I65软件和信息技术服务业,55.9,6.6,22.88,21.78,4.95,2.0,-1.55,0.0,3.75,0.009091,0.115152,-0.012121,-0.009091,0.115152,-0.012121
2026-08-03,11,002131,利欧股份,L72商务服务业,55.8,5.13,24.2,14.04,15.0,5.67,-12.23,6.0,3.12,0.05848,0.068226,0.052632,0.037037,0.105263,0.052632
2026-08-03,12,601616,广电电气,C38电气机械和器材制造业,55.5,3.9,22.52,20.41,10.21,4.05,-6.68,0.0,5.0,-0.002564,-0.046154,-0.041026,-0.038462,-0.002564,-0.058974
2026-08-03,13,600936,北投科技,I63电信、广播电视和卫星传输服务,54.8,5.84,26.18,25.0,5.49,4.65,-7.15,0.0,0.62,0.005137,0.006849,0.054795,-0.142123,0.056507,-0.041096
2026-08-03,14,000779,甘咨询,M74专业技术服务业,53.9,13.26,30.0,19.38,3.83,7.13,-7.03,0.0,0.62,0.027903,0.076923,-0.127451,-0.198341,0.076923,-0.127451
2026-08-03,15,603956,威派格,C35专用设备制造业,52.9,6.89,22.11,21.32,11.55,6.75,-10.68,0.0,1.88,0.04209,0.015965,0.008708,0.065312,0.04209,0.004354
2026-08-03,16,002298,中电鑫龙,C38电气机械和器材制造业,52.6,8.86,24.03,25.0,4.69,0.98,-7.05,0.0,5.0,-0.009029,-0.03386,0.054176,-0.005643,0.054176,-0.041761
2026-08-03,17,002366,融发核电,C35专用设备制造业,52.3,6.31,21.09,22.09,5.34,4.84,-6.01,3.0,1.88,0.020602,0.014263,0.00317,-0.033281,0.068146,-0.020602
2026-08-03,18,002300,太阳电缆,C38电气机械和器材制造业,52.0,7.35,20.57,25.0,3.35,0.08,-2.02,0.0,5.0,0.006803,-0.012245,0.07483,-0.010884,0.07483,-0.023129
2026-08-03,19,603039,泛微网络,I65软件和信息技术服务业,51.9,39.69,19.82,12.74,15.0,5.3,-9.7,3.0,3.75,0.0451,0.237087,0.142605,0.125724,0.237087,0.0451
2026-08-03,20,603598,引力传媒,L72商务服务业,51.5,17.81,19.61,12.68,12.9,3.78,-0.55,0.0,3.12,0.057271,0.014599,0.018529,0.029759,0.057271,0.014599
2026-07-31,1,600756,浪潮软件,I65软件和信息技术服务业,62.0,16.33,26.49,23.61,7.49,2.72,-1.4,0.0,3.12,0.015922,0.020821,-0.047152,-0.081445,0.020821,-0.047152
2026-07-31,2,002891,中宠股份,C13农副食品加工业,60.8,33.28,23.51,25.0,4.76,3.45,-1.39,3.0,2.5,-0.03095,-0.049279,-0.068209,-0.098558,-0.03095,-0.068209
2026-07-31,3,002400,省广集团,L72商务服务业,59.9,6.8,20.12,15.99,15.0,4.31,-0.41,3.0,1.88,0.0,0.048529,0.016176,0.052941,0.048529,0.0
2026-07-31,4,002440,闰土股份,C26化学原料和化学制品制造业,59.5,13.71,26.95,23.07,4.27,3.5,-3.82,3.0,2.5,-0.052516,-0.04814,-0.033552,-0.097739,-0.033552,-0.070022
2026-07-31,5,000948,南天信息,I65软件和信息技术服务业,59.3,15.78,26.87,16.71,10.06,4.29,-1.7,0.0,3.12,-0.037389,-0.018378,-0.062104,-0.077947,-0.018378,-0.062104
2026-07-31,6,000428,华天酒店,H61住宿业,58.9,4.21,29.34,25.0,12.47,5.0,-13.51,0.0,0.62,-0.052257,-0.026128,-0.066508,0.009501,-0.026128,-0.066508
2026-07-31,7,600199,金种子酒,C15酒、饮料和精制茶制造业,58.2,7.85,23.35,25.0,7.18,2.0,-1.26,0.0,1.88,0.006369,-0.003822,0.026752,-0.021656,0.035669,-0.003822
2026-07-31,8,002279,久其软件,I65软件和信息技术服务业,58.2,6.9,23.43,23.77,9.16,2.02,-3.27,0.0,3.12,0.0,0.013043,-0.010145,0.053623,0.014493,-0.010145
2026-07-31,9,002298,中电鑫龙,C38电气机械和器材制造业,56.9,8.9,23.48,25.0,6.98,1.7,-4.67,0.0,4.38,-0.004494,-0.013483,-0.046067,-0.021348,-0.004494,-0.046067
2026-07-31,10,000533,顺钠股份,C38电气机械和器材制造业,56.3,10.41,20.41,25.0,8.12,1.57,-3.21,0.0,4.38,0.099904,0.219981,0.165226,0.112392,0.219981,0.099904
2026-07-31,11,000676,智度股份,L72商务服务业,55.8,7.49,29.73,25.0,3.8,2.97,-7.65,0.0,1.88,0.013351,0.048064,0.022697,-0.017356,0.048064,0.001335
2026-07-31,12,002879,长缆科技,C38电气机械和器材制造业,55.8,16.25,22.82,25.0,3.85,0.0,-0.23,0.0,4.38,0.100308,0.169846,0.107692,0.063385,0.169846,0.100308
2026-07-31,13,600986,浙文互联,I64互联网和相关服务,55.7,7.82,21.98,19.04,9.37,4.54,-4.76,3.0,2.5,0.008951,0.043478,0.030691,0.006394,0.043478,0.008951
2026-07-31,14,002212,天融信,I65软件和信息技术服务业,55.3,6.57,22.0,19.2,12.36,2.93,-4.27,0.0,3.12,0.004566,0.018265,0.035008,0.010654,0.120244,0.004566
2026-07-31,15,000779,甘咨询,M74专业技术服务业,55.1,12.78,30.0,19.6,4.28,6.55,-5.96,0.0,0.62,0.037559,0.055556,0.005477,-0.244131,0.117371,0.005477
2026-07-31,16,600702,舍得酒业,C15酒、饮料和精制茶制造业,55.1,38.78,19.7,13.42,13.59,4.34,-0.86,3.0,1.88,-0.030944,-0.031975,-0.020629,-0.042548,-0.015988,-0.036875
2026-07-31,17,002258,利尔化学,C26化学原料和化学制品制造业,55.1,15.9,22.35,20.88,14.6,3.1,-11.33,3.0,2.5,-0.076101,-0.080503,-0.113836,-0.145912,-0.075472,-0.113836
2026-07-31,18,002882,金龙羽,C38电气机械和器材制造业,55.0,22.6,22.81,18.54,12.87,4.74,-8.41,0.0,4.38,0.061062,0.015044,-0.030973,-0.059292,0.061062,-0.030973
2026-07-31,19,600162,香江控股,K70房地产业,54.2,3.18,26.41,24.3,6.37,4.52,-11.61,3.0,1.25,-0.025157,0.062893,0.169811,0.477987,0.169811,-0.025157
2026-07-31,20,600693,东百集团,F52零售业,52.9,9.44,22.4,17.91,12.21,2.0,-2.23,0.0,0.62,-0.005297,0.037076,0.018008,0.006356,0.037076,-0.005297
2026-07-30,1,002612,朗姿股份,C18纺织服装、服饰业,59.2,15.6,29.1,25.0,12.63,5.85,-14.57,0.0,1.25,-0.051923,-0.04359,-0.021795,0.016026,-0.021795,-0.053846
2026-07-30,2,002832,比音勒芬,C18纺织服装、服饰业,59.0,25.8,24.07,24.9,5.59,5.0,-4.88,3.0,1.25,0.007364,-0.01938,-0.007364,0.013178,0.007364,-0.01938
2026-07-30,3,601606,长城军工,C33金属制品业,56.9,35.65,25.86,25.0,10.64,2.0,-10.19,3.0,0.62,-0.047966,-0.060309,-0.083871,-0.015428,-0.047966,-0.083871
2026-07-30,4,002298,中电鑫龙,C38电气机械和器材制造业,55.9,8.81,23.19,22.47,11.69,3.26,-9.72,0.0,5.0,0.010216,-0.003405,-0.028377,0.017026,0.010216,-0.028377
2026-07-30,5,600199,金种子酒,C15酒、饮料和精制茶制造业,55.2,8.08,25.25,19.1,11.58,4.01,-5.33,0.0,0.62,-0.028465,-0.028465,0.006188,-0.023515,0.006188,-0.032178
2026-07-30,6,603619,中曼石油,B07石油和天然气开采业,54.8,22.5,23.77,23.03,6.69,0.0,-2.34,3.0,0.62,-0.033778,-0.037333,-0.003111,-0.016889,-0.003111,-0.058667
2026-07-30,7,000948,南天信息,I65软件和信息技术服务业,54.0,15.38,26.16,11.22,12.55,3.92,-2.94,0.0,3.12,0.026008,-0.009103,-0.024057,-0.059818,0.026008,-0.024057
2026-07-30,8,600844,金煤科技,C26化学原料和化学制品制造业,53.6,3.32,27.19,25.0,4.46,1.45,-6.98,0.0,2.5,-0.006024,0.048193,0.042169,0.066265,0.048193,-0.006024
2026-07-30,9,603918,金桥信息,I65软件和信息技术服务业,53.6,11.13,22.21,16.05,12.52,3.69,-4.0,0.0,3.12,0.022462,0.000898,0.015274,-0.001797,0.022462,0.000898
2026-07-30,10,600722,金牛化工,C26化学原料和化学制品制造业,51.8,10.88,26.84,25.0,8.6,0.26,-11.4,0.0,2.5,-0.012868,0.024816,-0.011949,0.150735,0.024816,-0.012868
2026-07-30,11,002440,闰土股份,C26化学原料和化学制品制造业,51.3,13.64,25.27,21.48,7.65,3.39,-11.99,3.0,2.5,0.005132,-0.065249,-0.043988,-0.076979,0.005132,-0.065249
2026-07-30,12,002279,久其软件,I65软件和信息技术服务业,51.2,6.8,22.78,21.19,11.17,2.0,-9.06,0.0,3.12,0.014706,0.029412,0.026471,0.030882,0.029412,0.014706
2026-07-30,13,603988,中电电机,C38电气机械和器材制造业,50.1,19.91,23.12,18.7,7.24,4.24,-8.16,0.0,5.0,-0.022602,-0.057258,0.141135,0.104972,0.141135,-0.057258
2026-07-30,14,001258,立新能源,D44电力、热力生产和供应业,48.3,12.35,30.0,25.0,8.18,0.57,-20.32,3.0,1.88,-0.00081,0.08502,-0.012955,0.236437,0.095547,-0.012955
2026-07-30,15,002199,东晶电子,C39计算机、通信和其他电子设备制造业,47.9,14.24,24.06,12.5,12.47,4.8,-7.79,0.0,1.88,-0.040028,-0.04986,-0.021067,-0.099017,-0.021067,-0.136236
2026-07-30,16,002379,宏桥控股,C32有色金属冶炼和压延加工业,47.8,21.0,30.0,22.88,5.66,1.8,-16.17,3.0,0.62,-0.010952,-0.083333,-0.101905,-0.038095,-0.010952,-0.11
2026-07-30,17,002606,大连电瓷,C38电气机械和器材制造业,47.0,14.74,20.06,16.85,5.98,2.42,-3.27,0.0,5.0,0.011533,0.015604,-0.018996,-0.026459,0.015604,-0.018996
2026-07-30,18,000779,甘咨询,M74专业技术服务业,46.8,11.96,30.0,23.33,4.48,2.88,-14.45,0.0,0.62,0.068562,0.139632,0.19398,-0.102843,0.19398,0.068562
2026-07-30,19,002891,中宠股份,C13农副食品加工业,46.6,32.55,23.28,19.46,9.88,2.9,-12.57,3.0,0.62,0.022427,-0.027035,-0.047005,-0.02765,0.022427,-0.047005
2026-07-30,20,002580,圣阳股份,C38电气机械和器材制造业,46.6,19.36,15.0,12.5,14.27,2.0,-2.19,0.0,5.0,0.005682,-0.003099,-0.012913,0.141529,0.053202,-0.032025
2026-07-29,1,603118,共进股份,C39计算机、通信和其他电子设备制造业,63.0,16.64,28.52,25.0,7.31,0.48,-2.51,3.0,1.25,-0.09976,-0.207933,-0.134615,-0.128005,-0.09976,-0.207933
2026-07-29,2,002379,宏桥控股,C32有色金属冶炼和压延加工业,62.9,20.52,29.64,25.0,5.53,2.98,-3.89,3.0,0.62,0.023392,-0.089181,-0.081871,0.039961,0.023392,-0.089181
2026-07-29,3,605196,华通线缆,C38电气机械和器材制造业,60.5,32.82,26.03,25.0,4.65,3.31,-6.48,3.0,5.0,-0.035344,-0.017063,-0.000609,0.081658,-0.000609,-0.035344
2026-07-29,4,600756,浪潮软件,I65软件和信息技术服务业,59.9,15.88,25.47,18.65,11.97,3.18,-1.89,0.0,2.5,-0.013224,0.04471,0.049748,0.030856,0.049748,-0.013224
2026-07-29,5,002860,星帅尔,C38电气机械和器材制造业,59.4,19.33,26.41,21.5,5.08,2.86,-1.43,0.0,5.0,-0.099845,-0.19762,-0.136058,-0.120538,-0.099845,-0.19762
2026-07-29,6,002309,中利集团,C38电气机械和器材制造业,59.2,3.28,23.35,25.0,11.85,2.12,-8.1,0.0,5.0,-0.027439,-0.003049,0.009146,0.057927,0.009146,-0.027439
2026-07-29,7,002612,朗姿股份,C18纺织服装、服饰业,58.2,14.22,25.36,22.3,12.2,4.75,-7.62,0.0,1.25,0.097046,0.037975,0.04782,0.146273,0.097046,0.037975
2026-07-29,8,000533,顺钠股份,C38电气机械和器材制造业,57.9,12.13,27.45,18.66,15.0,4.88,-13.07,0.0,5.0,-0.099753,-0.056059,0.046991,0.045342,0.046991,-0.141797
2026-07-29,9,002440,闰土股份,C26化学原料和化学制品制造业,56.6,13.64,24.45,25.0,5.05,5.22,-8.06,3.0,1.88,0.0,-0.047654,-0.043255,-0.026393,0.005132,-0.065249
2026-07-29,10,000839,国安股份,I65软件和信息技术服务业,53.6,2.82,19.36,15.9,10.65,2.48,-0.32,3.0,2.5,-0.046099,-0.035461,0.010638,0.031915,0.01773,-0.046099
2026-07-29,11,000011,深物业A,K70房地产业,53.0,7.82,23.12,25.0,7.58,2.0,-5.28,0.0,0.62,0.021739,0.015345,0.039642,0.088235,0.039642,0.015345
2026-07-29,12,600744,华银电力,D44电力、热力生产和供应业,53.0,7.11,19.51,25.0,5.8,0.0,-3.44,3.0,3.12,-0.073136,0.030942,0.036568,0.057665,0.036568,-0.073136
2026-07-29,13,000779,甘咨询,M74专业技术服务业,52.5,12.2,30.0,16.05,5.52,5.76,-5.38,0.0,0.62,-0.019672,0.086885,0.105738,-0.022951,0.117213,-0.019672
2026-07-29,14,002298,中电鑫龙,C38电气机械和器材制造业,52.0,8.77,21.94,19.03,9.5,3.81,-7.27,0.0,5.0,0.004561,0.010262,0.00114,0.062714,0.014823,0.00114
2026-07-29,15,002606,大连电瓷,C38电气机械和器材制造业,51.7,14.66,21.1,15.13,6.64,3.8,-0.0,0.0,5.0,0.005457,-0.010914,0.002046,0.003411,0.021146,-0.010914
2026-07-29,16,000676,智度股份,L72商务服务业,51.4,7.17,28.48,22.61,5.15,0.8,-6.19,0.0,0.62,-0.050209,0.058577,0.09484,0.034868,0.09484,-0.050209
2026-07-29,17,002141,贤丰控股,C38电气机械和器材制造业,51.3,6.3,26.5,15.27,6.24,5.0,-6.74,0.0,5.0,-0.1,-0.190476,-0.106349,0.107937,-0.1,-0.190476
2026-07-29,18,001376,百通能源,D44电力、热力生产和供应业,51.0,11.36,19.47,13.49,12.66,3.78,-1.54,0.0,3.12,-0.018486,0.007042,0.003521,0.041373,0.007042,-0.018486
2026-07-29,19,000862,银星能源,D44电力、热力生产和供应业,50.5,5.73,22.57,25.0,2.55,1.22,-3.91,0.0,3.12,-0.038394,-0.017452,-0.017452,-0.005236,-0.017452,-0.038394
2026-07-29,20,600844,金煤科技,C26化学原料和化学制品制造业,50.2,3.45,29.31,25.0,2.99,4.63,-13.63,0.0,1.88,-0.037681,-0.011594,0.008696,0.014493,0.008696,-0.043478
2026-07-28,1,000938,紫光股份,C39计算机、通信和其他电子设备制造业,67.2,41.48,29.56,25.0,5.95,0.29,-7.45,10.0,3.75,-0.100048,-0.158872,-0.172613,-0.098602,-0.100048,-0.202025
2026-07-28,2,603118,共进股份,C39计算机、通信和其他电子设备制造业,65.3,17.31,30.0,25.0,8.81,2.8,-7.99,3.0,3.75,-0.038706,-0.161756,-0.212594,-0.151358,-0.038706,-0.23859
2026-07-28,3,002860,星帅尔,C38电气机械和器材制造业,61.9,19.77,28.35,20.78,6.13,7.95,-5.73,0.0,4.38,-0.022256,-0.156297,-0.153263,-0.157309,-0.022256,-0.215478
2026-07-28,4,002832,比音勒芬,C18纺织服装、服饰业,59.0,25.35,24.75,22.37,7.21,8.18,-4.83,0.0,1.25,-0.042209,0.025247,-0.001972,0.035503,0.025247,-0.042209
2026-07-28,5,603567,珍宝岛,C27医药制造业,57.3,6.88,30.0,25.0,9.63,4.0,-13.79,0.0,2.5,-0.072674,-0.103198,-0.030523,0.005814,-0.030523,-0.119186
2026-07-28,6,002900,哈三联,C27医药制造业,57.0,12.98,30.0,25.0,10.4,6.87,-17.75,0.0,2.5,-0.090909,-0.117103,-0.044684,0.123267,-0.044684,-0.131741
2026-07-28,7,002440,闰土股份,C26化学原料和化学制品制造业,53.8,12.4,23.82,25.0,2.97,0.41,-3.26,3.0,1.88,0.1,0.105645,0.028226,0.05,0.105645,0.028226
2026-07-28,8,002879,长缆科技,C38电气机械和器材制造业,53.6,18.9,30.0,25.0,12.27,2.0,-20.04,0.0,4.38,-0.051323,-0.140212,-0.007407,-0.047619,-0.007407,-0.146032
2026-07-28,9,000676,智度股份,L72商务服务业,52.8,7.45,30.0,25.0,8.93,4.28,-16.05,0.0,0.62,-0.037584,0.005369,0.025503,-0.010738,0.025503,-0.085906
2026-07-28,10,002379,宏桥控股,C32有色金属冶炼和压延加工业,52.5,19.34,26.75,22.03,4.66,1.32,-5.85,3.0,0.62,0.061013,0.07394,-0.004654,0.003102,0.085832,-0.033609
2026-07-28,11,600617,国新能源,D45燃气生产和供应业,52.2,3.66,29.18,25.0,13.77,2.41,-18.76,0.0,0.62,-0.065574,-0.117486,-0.068306,-0.032787,-0.065574,-0.117486
2026-07-28,12,600396,华电辽能,D44电力、热力生产和供应业,52.0,16.58,21.05,24.63,7.45,3.47,-11.35,3.0,3.75,-0.025332,-0.149578,-0.012666,0.013269,-0.012666,-0.149578
2026-07-28,13,600756,浪潮软件,I65软件和信息技术服务业,50.2,15.39,25.19,19.47,6.78,2.18,-4.67,0.0,1.25,0.031839,0.061079,0.051332,0.015595,0.077973,0.018194
2026-07-28,14,002891,中宠股份,C13农副食品加工业,49.4,31.69,23.14,17.27,4.21,3.13,-2.0,3.0,0.62,-0.00284,0.050174,-0.000631,-0.015147,0.050174,-0.00284
2026-07-28,15,000862,银星能源,D44电力、热力生产和供应业,49.2,5.85,24.2,25.0,6.73,2.0,-12.47,0.0,3.75,-0.020513,-0.051282,-0.037607,-0.017094,-0.020513,-0.05812
2026-07-28,16,600664,哈药股份,C27医药制造业,49.1,5.74,30.0,25.0,5.58,0.04,-16.99,3.0,2.5,-0.066202,0.026132,0.123693,0.440767,0.123693,-0.066202
2026-07-28,17,605196,华通线缆,C38电气机械和器材制造业,49.1,31.03,23.55,23.45,4.84,3.3,-13.44,3.0,4.38,0.057686,0.053497,0.04544,0.152111,0.057686,0.020303
2026-07-28,18,605162,新中港,D44电力、热力生产和供应业,48.9,9.23,23.98,17.83,9.35,4.02,-10.09,0.0,3.75,-0.053088,-0.098592,-0.073673,-0.014085,-0.053088,-0.112676
2026-07-28,19,002612,朗姿股份,C18纺织服装、服饰业,48.8,13.37,23.5,14.27,12.03,5.31,-7.62,0.0,1.25,0.063575,0.106208,0.115931,0.263276,0.166791,0.063575
2026-07-28,20,603580,艾艾精工,C29橡胶和塑料制品业,48.6,52.7,30.0,25.0,6.41,8.51,-21.92,0.0,0.62,0.1,0.003795,0.020683,0.079317,0.1,-0.072106
2026-07-27,1,000938,紫光股份,C39计算机、通信和其他电子设备制造业,74.7,41.47,30.0,25.0,5.0,1.72,-4.03,10.0,5.0,0.000241,-0.189776,-0.201833,-0.092597,0.000241,-0.201833
2026-07-27,2,002396,星网锐捷,C39计算机、通信和其他电子设备制造业,70.6,31.3,30.0,25.0,5.0,1.56,-0.91,3.0,5.0,-0.094888,-0.219489,-0.202556,-0.040575,-0.094888,-0.219489
2026-07-27,3,603118,共进股份,C39计算机、通信和其他电子设备制造业,70.0,16.2,30.0,25.0,5.97,2.0,-2.97,3.0,5.0,0.068519,-0.075309,-0.18642,-0.093827,0.068519,-0.18642
2026-07-27,4,000977,浪潮信息,C39计算机、通信和其他电子设备制造业,67.9,85.0,23.18,22.9,3.93,0.94,-0.0,10.0,5.0,-0.060588,-0.187294,-0.156941,-0.097647,-0.060588,-0.187294
2026-07-27,5,603228,景旺电子,C39计算机、通信和其他电子设备制造业,66.5,82.06,23.75,22.06,5.05,4.06,-5.47,10.0,5.0,-0.100049,-0.173897,-0.089081,0.169876,-0.082135,-0.173897
2026-07-27,6,002412,汉森制药,C27医药制造业,63.0,7.3,26.11,23.9,9.62,2.82,-1.94,0.0,2.5,-0.041096,-0.10137,-0.072603,-0.00411,-0.041096,-0.10137
2026-07-27,7,603893,瑞芯微,C39计算机、通信和其他电子设备制造业,62.2,218.0,21.56,18.58,4.08,0.97,-0.0,10.0,5.0,-0.084771,-0.161697,-0.15578,-0.058257,-0.068578,-0.161697
2026-07-27,8,002197,证通电子,I65软件和信息技术服务业,60.4,6.86,24.12,24.21,8.55,2.0,-1.13,0.0,0.62,-0.029155,-0.109329,0.002915,0.061224,0.002915,-0.109329
2026-07-27,9,000815,美利云,C22造纸和纸制品业,58.5,16.6,23.15,19.55,12.15,2.0,-2.63,3.0,1.25,-0.046988,-0.168675,0.006024,0.09759,0.006024,-0.168675
2026-07-27,10,002860,星帅尔,C38电气机械和器材制造业,58.3,18.47,25.74,17.39,6.28,6.27,-2.36,0.0,5.0,0.070384,-0.057932,-0.16026,-0.104494,0.070384,-0.16026
2026-07-27,11,002083,孚日股份,C17纺织业,57.9,12.0,22.17,16.37,15.0,5.02,-4.28,3.0,0.62,-0.1,-0.061667,-0.0825,0.01,-0.01,-0.1
2026-07-27,12,002298,中电鑫龙,C38电气机械和器材制造业,55.4,8.45,21.83,12.5,14.15,4.66,-2.79,0.0,5.0,-0.056805,0.042604,0.048521,0.105325,0.053254,-0.056805
2026-07-27,13,000862,银星能源,D44电力、热力生产和供应业,55.1,6.12,26.57,25.0,7.55,2.45,-8.88,0.0,4.38,-0.044118,-0.099673,-0.080065,-0.03268,-0.044118,-0.099673
2026-07-27,14,002498,汉缆股份,C38电气机械和器材制造业,54.8,7.1,18.43,12.5,14.96,3.82,-2.96,3.0,5.0,-0.078873,-0.019718,0.019718,-0.012676,0.019718,-0.078873
2026-07-27,15,603496,恒为科技,C39计算机、通信和其他电子设备制造业,54.7,26.67,23.42,18.1,3.64,2.49,-0.0,0.0,5.0,-0.065617,-0.131234,-0.100487,-0.044619,-0.044619,-0.131234
2026-07-27,16,600698,湖南天雁,C36汽车制造业,54.5,7.08,24.6,15.97,12.85,4.37,-3.93,0.0,0.62,-0.088983,-0.080508,-0.070621,0.019774,-0.070621,-0.088983
2026-07-27,17,603567,珍宝岛,C27医药制造业,54.4,6.44,30.0,25.0,4.13,2.0,-9.19,0.0,2.5,0.068323,-0.057453,-0.059006,0.096273,0.068323,-0.059006
2026-07-27,18,600227,赤天化,C26化学原料和化学制品制造业,54.2,3.15,25.84,24.49,3.51,0.0,-1.49,0.0,1.88,-0.025397,0.038095,0.034921,0.165079,0.073016,-0.025397
2026-07-27,19,605196,华通线缆,C38电气机械和器材制造业,53.7,30.3,22.2,20.68,2.54,2.64,-2.41,3.0,5.0,0.024092,0.044884,0.064686,0.132013,0.083168,0.024092
2026-07-27,20,002432,九安医疗,C35专用设备制造业,53.0,72.4,17.84,24.07,5.45,0.27,-1.18,6.0,0.62,-0.074171,-0.140331,-0.107044,-0.001657,-0.05442,-0.140331
2026-07-24,1,000938,紫光股份,C39计算机、通信和其他电子设备制造业,58.1,41.45,30.0,25.0,5.0,2.0,-18.87,10.0,5.0,0.000483,-0.099397,-0.158263,-0.083233,0.000724,-0.189385
2026-07-24,2,000977,浪潮信息,C39计算机、通信和其他电子设备制造业,56.8,85.31,26.81,19.99,4.14,1.75,-10.85,10.0,5.0,-0.003634,-0.121557,-0.158246,-0.085805,-0.003634,-0.190247
2026-07-24,3,600722,金牛化工,C26化学原料和化学制品制造业,54.5,11.43,30.0,25.0,10.69,4.86,-19.19,0.0,3.12,-0.099738,-0.108486,-0.060367,-0.004374,-0.048119,-0.189851
2026-07-24,4,603893,瑞芯微,C39计算机、通信和其他电子设备制造业,54.0,221.8,23.95,15.52,5.48,1.69,-7.62,10.0,5.0,-0.017133,-0.084536,-0.15239,-0.074301,-0.017133,-0.17606
2026-07-24,5,603296,华勤技术,C39计算机、通信和其他电子设备制造业,51.7,88.19,25.83,23.29,5.34,2.0,-15.75,6.0,5.0,-0.014287,-0.05148,-0.078354,-0.072344,-0.014287,-0.106475
2026-07-24,6,002860,星帅尔,C38电气机械和器材制造业,51.6,17.79,25.57,13.62,8.01,6.27,-5.0,0.0,3.12,0.038224,0.086565,-0.062395,-0.068016,0.111298,-0.062395
2026-07-24,7,603619,中曼石油,B07石油和天然气开采业,50.0,22.7,24.2,21.31,13.56,2.0,-15.27,3.0,1.25,-0.1,-0.060793,-0.042291,-0.008811,-0.008811,-0.1
2026-07-24,8,600844,金煤科技,C26化学原料和化学制品制造业,49.7,3.02,24.48,21.91,7.4,1.3,-8.45,0.0,3.12,0.0,0.142384,0.092715,0.139073,0.142384,0.0
2026-07-24,9,002396,星网锐捷,C39计算机、通信和其他电子设备制造业,49.1,32.92,30.0,25.0,5.0,1.7,-20.6,3.0,5.0,-0.04921,-0.200486,-0.208384,-0.100851,-0.04921,-0.257898
2026-07-24,10,601678,滨化股份,C26化学原料和化学制品制造业,48.7,6.54,18.58,12.5,15.0,2.0,-5.44,3.0,3.12,0.079511,0.004587,-0.038226,0.114679,0.079511,-0.038226
2026-07-24,11,002412,汉森制药,C27医药制造业,48.2,7.09,26.18,20.23,13.47,1.75,-15.89,0.0,2.5,0.029619,-0.025388,-0.047955,0.025388,0.029619,-0.074753
2026-07-24,12,002414,高德红外,C39计算机、通信和其他电子设备制造业,47.5,14.36,19.37,15.03,6.77,2.0,-6.71,6.0,5.0,-0.004178,-0.031337,-0.121866,-0.020891,-0.004178,-0.128134
2026-07-24,13,605162,新中港,D44电力、热力生产和供应业,45.9,8.64,21.08,12.5,12.63,3.91,-8.64,0.0,4.38,-0.028935,0.011574,-0.037037,-0.018519,0.068287,-0.052083
2026-07-24,14,002774,快意电梯,C34通用设备制造业,44.7,17.64,25.5,14.33,6.66,7.46,-9.87,0.0,0.62,-0.099773,-0.151361,-0.159864,-0.048186,-0.099773,-0.236395
2026-07-24,15,600744,华银电力,D44电力、热力生产和供应业,43.7,7.53,23.65,22.04,9.39,2.0,-20.8,3.0,4.38,0.010624,-0.055777,-0.079681,0.046481,0.010624,-0.124834
2026-07-24,16,000603,盛达资源,B09有色金属矿采选业,43.5,24.8,22.65,12.5,14.54,2.0,-12.48,3.0,1.25,0.005242,0.008065,0.024194,0.388306,0.024194,-0.029435
2026-07-24,17,603580,艾艾精工,C29橡胶和塑料制品业,42.7,46.3,30.0,25.0,7.7,3.72,-24.28,0.0,0.62,0.034773,0.252052,0.142549,0.162635,0.252052,0.034773
2026-07-24,18,603496,恒为科技,C39计算机、通信和其他电子设备制造业,42.7,26.26,21.91,14.16,5.19,1.43,-5.0,0.0,5.0,0.015613,-0.029703,-0.104341,-0.031988,0.015613,-0.117669
2026-07-24,19,605196,华通线缆,C38电气机械和器材制造业,42.6,29.62,21.59,16.05,2.87,2.0,-5.99,3.0,3.12,0.022957,0.108035,0.103646,0.143822,0.108035,0.022957
2026-07-24,20,603162,海通发展,G55水上运输业,41.4,11.07,23.71,18.0,3.09,1.02,-5.0,0.0,0.62,-0.034327,-0.00271,-0.017164,0.041554,-0.00271,-0.04065
2026-07-23,1,603118,共进股份,C39计算机、通信和其他电子设备制造业,65.7,16.6,28.39,25.0,10.3,3.42,-8.83,3.0,4.38,-0.05,0.042771,-0.09759,-0.109639,0.042771,-0.09759
2026-07-23,2,002396,星网锐捷,C39计算机、通信和其他电子设备制造业,59.2,33.93,30.0,25.0,5.61,3.3,-12.14,3.0,4.38,-0.029767,-0.165046,-0.279988,-0.14471,-0.029767,-0.279988
2026-07-23,3,603296,华勤技术,C39计算机、通信和其他电子设备制造业,57.5,88.88,22.43,15.51,9.41,3.59,-3.84,6.0,4.38,-0.007763,-0.053105,-0.113411,-0.086071,-0.007763,-0.113411
2026-07-23,4,000862,银星能源,D44电力、热力生产和供应业,57.1,5.92,24.52,19.86,10.23,5.87,-8.37,0.0,5.0,-0.060811,-0.011824,-0.069257,-0.045608,0.033784,-0.069257
2026-07-23,5,000977,浪潮信息,C39计算机、通信和其他电子设备制造业,56.8,87.96,25.95,12.65,5.57,1.01,-2.81,10.0,4.38,-0.030127,-0.092201,-0.214643,-0.12699,-0.030127,-0.214643
2026-07-23,6,600227,赤天化,C26化学原料和化学制品制造业,55.9,3.34,27.79,25.0,6.03,2.77,-8.2,0.0,2.5,-0.062874,-0.080838,-0.020958,-0.038922,0.011976,-0.080838
2026-07-23,7,600988,赤峰黄金,B09有色金属矿采选业,55.5,38.83,30.0,21.66,7.28,2.9,-12.94,6.0,0.62,-0.060263,-0.03966,-0.04275,0.063611,-0.01777,-0.060263
2026-07-23,8,600821,金开新能,D44电力、热力生产和供应业,54.6,7.02,18.94,19.03,9.05,2.88,-3.26,3.0,5.0,-0.099715,-0.082621,-0.12963,-0.078348,-0.054131,-0.12963
2026-07-23,9,002829,星网宇达,C37铁路、船舶、航空航天和其他运输设备制造业,54.5,21.08,23.88,25.0,4.3,1.98,-1.3,0.0,0.62,-0.059298,-0.028463,-0.120019,-0.017078,-0.028463,-0.120019
2026-07-23,10,002440,闰土股份,C26化学原料和化学制品制造业,54.1,13.17,21.88,22.37,6.31,4.81,-6.73,3.0,2.5,-0.100228,-0.058466,0.035687,-0.009871,0.035687,-0.100228
2026-07-23,11,000676,智度股份,L72商务服务业,54.0,6.9,27.66,25.0,5.05,1.85,-6.18,0.0,0.62,-0.062319,0.07971,-0.013043,0.086957,0.07971,-0.062319
2026-07-23,12,603567,珍宝岛,C27医药制造业,53.4,6.5,30.0,25.0,6.29,4.55,-13.74,0.0,1.25,-0.1,0.058462,-0.066154,-0.009231,0.058462,-0.1
2026-07-23,13,002379,宏桥控股,C32有色金属冶炼和压延加工业,52.8,20.45,27.44,25.0,4.81,5.0,-13.03,3.0,0.62,-0.067971,-0.054279,0.026895,-0.077751,0.026895,-0.067971
2026-07-23,14,600644,乐山电力,D44电力、热力生产和供应业,52.5,10.43,26.93,25.0,11.46,2.51,-18.35,0.0,5.0,-0.099712,-0.128476,-0.127517,-0.00767,-0.068073,-0.128476
2026-07-23,15,000968,蓝焰控股,B07石油和天然气开采业,52.2,7.35,23.17,21.3,4.68,3.33,-0.89,0.0,0.62,-0.062585,-0.10068,-0.05034,-0.053061,-0.05034,-0.10068
2026-07-23,16,600722,金牛化工,C26化学原料和化学制品制造业,50.9,10.9,27.37,22.27,9.64,6.0,-16.94,0.0,2.5,0.048624,-0.150459,-0.001835,-0.013761,0.048624,-0.150459
2026-07-23,17,600354,敦煌种业,A05农、林、牧、渔专业及辅助性活动,50.7,6.04,24.86,22.26,8.08,3.79,-8.91,0.0,0.62,-0.041391,-0.033113,-0.031457,0.062914,-0.031457,-0.041391
2026-07-23,18,002953,日丰股份,C38电气机械和器材制造业,50.0,10.27,21.49,14.3,12.24,4.6,-4.49,0.0,1.88,-0.073028,-0.067186,-0.099318,-0.054528,-0.061344,-0.099318
2026-07-23,19,603162,海通发展,G55水上运输业,49.6,11.51,25.2,17.65,8.76,3.49,-6.14,0.0,0.62,-0.038228,-0.05821,-0.077324,0.00695,-0.038228,-0.077324
2026-07-23,20,000554,泰山石油,F51批发业,47.5,6.83,22.67,25.0,3.25,1.9,-5.9,0.0,0.62,-0.054173,-0.093704,-0.055637,-0.043924,-0.054173,-0.095168
2026-07-22,1,000938,紫光股份,C39计算机、通信和其他电子设备制造业,68.6,44.9,30.0,24.49,7.22,9.0,-14.07,10.0,5.0,-0.054566,-0.076392,-0.168597,-0.177283,-0.054566,-0.168597
2026-07-22,2,002396,星网锐捷,C39计算机、通信和其他电子设备制造业,66.6,34.59,30.0,25.0,7.47,9.0,-12.83,3.0,5.0,-0.019081,-0.095114,-0.239086,-0.17028,-0.019081,-0.239086
2026-07-22,3,600602,云赛智联,I65软件和信息技术服务业,63.1,20.27,22.43,25.0,10.36,4.12,-6.16,3.0,4.38,-0.060681,-0.125308,-0.164282,-0.084854,-0.060681,-0.164282
2026-07-22,4,600267,海正药业,C27医药制造业,61.9,12.48,24.42,25.0,5.85,5.06,-3.95,3.0,2.5,-0.033654,-0.049679,-0.051282,-0.03766,-0.033654,-0.073718
2026-07-22,5,603893,瑞芯微,C39计算机、通信和其他电子设备制造业,60.8,228.86,24.78,15.03,7.11,5.2,-6.32,10.0,5.0,-0.064931,-0.047453,-0.112776,-0.130473,-0.030849,-0.128201
2026-07-22,6,600988,赤峰黄金,B09有色金属矿采选业,60.5,38.22,28.8,20.96,7.53,5.76,-9.12,6.0,0.62,0.01596,-0.002093,-0.009419,0.06855,0.01596,-0.045264
2026-07-22,7,000676,智度股份,L72商务服务业,57.8,6.92,27.07,25.0,11.44,2.83,-9.83,0.0,1.25,-0.00289,0.028902,0.036127,0.134393,0.07659,-0.065029
2026-07-22,8,600644,乐山电力,D44电力、热力生产和供应业,55.0,10.6,25.89,21.43,11.91,4.97,-14.19,0.0,5.0,-0.016038,-0.115094,-0.083019,-0.028302,-0.016038,-0.142453
2026-07-22,9,000526,学大教育,P83教育,54.3,33.0,26.13,20.66,11.67,5.46,-10.22,0.0,0.62,0.001515,-0.008182,0.000909,0.075758,0.001515,-0.015758
2026-07-22,10,000977,浪潮信息,C39计算机、通信和其他电子设备制造业,53.2,90.47,29.23,12.5,6.94,4.26,-14.71,10.0,5.0,-0.027744,-0.060462,-0.171659,-0.146678,-0.027744,-0.171659
2026-07-22,11,002432,九安医疗,C35专用设备制造业,53.0,81.64,24.14,17.67,10.96,2.0,-9.05,6.0,1.25,-0.099951,-0.11318,-0.181651,-0.146374,-0.099951,-0.181651
2026-07-22,12,000722,湖南发展,D44电力、热力生产和供应业,52.1,15.0,23.98,23.51,8.38,2.59,-11.38,0.0,5.0,-0.054,-0.141333,-0.160667,-0.102667,-0.054,-0.162
2026-07-22,13,603118,共进股份,C39计算机、通信和其他电子设备制造业,52.0,16.42,27.19,22.61,5.82,3.02,-14.66,3.0,5.0,0.010962,-0.013398,0.013398,-0.123021,0.054202,-0.039586
2026-07-22,14,002881,美格智能,C39计算机、通信和其他电子设备制造业,51.4,42.99,20.28,18.63,7.23,3.14,-2.87,0.0,5.0,-0.061177,-0.100721,-0.123052,-0.119097,-0.061177,-0.131426
2026-07-22,15,603127,昭衍新药,M73研究和试验发展,51.0,48.06,25.3,25.0,6.28,0.0,-12.13,6.0,0.62,0.008947,0.034124,-0.085726,-0.036621,0.034124,-0.085726
2026-07-22,16,600227,赤天化,C26化学原料和化学制品制造业,50.8,3.15,23.76,25.0,4.68,1.41,-5.93,0.0,1.88,0.060317,0.0,0.073016,0.025397,0.073016,-0.025397
2026-07-22,17,002439,启明星辰,I65软件和信息技术服务业,50.5,14.33,19.58,11.06,10.12,4.31,-2.0,3.0,4.38,-0.017446,-0.062107,-0.037683,-0.002791,-0.017446,-0.069784
2026-07-22,18,600797,浙大网新,I65软件和信息技术服务业,49.5,7.18,18.54,14.69,9.85,3.97,-2.0,0.0,4.38,-0.001393,-0.054318,-0.041783,0.033426,-0.001393,-0.072423
2026-07-22,19,600821,金开新能,D44电力、热力生产和供应业,49.4,6.96,19.32,10.39,11.65,2.78,-2.78,3.0,5.0,0.008621,-0.045977,-0.079023,-0.045977,0.008621,-0.091954
2026-07-22,20,600722,金牛化工,C26化学原料和化学制品制造业,48.8,9.91,22.09,17.16,11.86,4.42,-8.67,0.0,1.88,0.099899,0.038345,0.028254,0.104945,0.15338,-0.06559
2026-07-21,1,603823,百合花,C26化学原料和化学制品制造业,70.3,81.93,30.0,25.0,6.9,8.32,-9.04,6.0,3.12,0.0,-0.073477,-0.249481,-0.326132,0.0,-0.249481
2026-07-21,2,000938,紫光股份,C39计算机、通信和其他电子设备制造业,68.2,41.46,30.0,18.53,7.0,7.16,-11.47,10.0,5.0,0.082972,-0.000241,0.000482,-0.172214,0.082972,-0.000241
2026-07-21,3,603127,昭衍新药,M73研究和试验发展,65.5,49.12,27.77,25.0,7.08,1.25,-2.17,6.0,0.62,-0.02158,-0.078583,-0.072272,-0.097109,0.011808,-0.078583
2026-07-21,4,000977,浪潮信息,C39计算机、通信和其他电子设备制造业,65.2,88.66,28.93,12.5,6.96,2.95,-3.17,10.0,5.0,0.020415,-0.037785,-0.099368,-0.163772,0.020415,-0.099368
2026-07-21,5,600267,海正药业,C27医药制造业,64.6,12.18,24.4,24.44,7.54,2.15,-0.0,3.0,3.12,0.024631,-0.050903,-0.037767,-0.002463,0.024631,-0.050903
2026-07-21,6,600602,云赛智联,I65软件和信息技术服务业,63.1,19.14,19.61,24.2,9.46,2.42,-1.25,3.0,3.75,0.059039,-0.094566,-0.096656,-0.030825,0.059039,-0.096656
2026-07-21,7,000676,智度股份,L72商务服务业,60.6,6.92,25.47,25.0,14.24,3.52,-8.8,0.0,1.25,0.0,-0.065029,0.07659,0.104046,0.07659,-0.065029
2026-07-21,8,603567,珍宝岛,C27医药制造业,59.4,6.17,27.19,25.0,8.32,3.94,-8.14,0.0,3.12,-0.042139,-0.051864,0.115073,0.081037,0.115073,-0.051864
2026-07-21,9,002396,星网锐捷,C39计算机、通信和其他电子设备制造业,56.4,31.61,30.0,17.51,7.66,2.55,-11.27,3.0,5.0,0.094274,0.041443,-0.103765,-0.174628,0.094274,-0.103765
2026-07-21,10,603893,瑞芯微,C39计算机、通信和其他电子设备制造业,55.7,208.05,18.37,13.58,6.75,0.0,-0.0,10.0,5.0,0.100024,0.06609,-0.041,-0.090267,0.100024,-0.041
2026-07-21,11,000948,南天信息,I65软件和信息技术服务业,53.5,14.55,21.1,22.31,5.61,1.0,-2.3,0.0,3.75,-0.010997,-0.127148,-0.03299,0.047423,-0.010997,-0.127148
2026-07-21,12,002365,永安药业,C27医药制造业,52.9,12.17,19.37,22.13,6.34,1.96,-0.02,0.0,3.12,0.025472,-0.044371,0.072309,0.049302,0.072309,-0.044371
2026-07-21,13,002829,星网宇达,C37铁路、船舶、航空航天和其他运输设备制造业,52.5,21.49,22.73,22.14,7.79,3.01,-3.8,0.0,0.62,0.017217,-0.077245,-0.046999,-0.051652,0.017217,-0.077245
2026-07-21,14,002881,美格智能,C39计算机、通信和其他电子设备制造业,51.4,41.91,19.21,15.19,7.74,2.23,-0.0,0.0,5.0,0.02577,-0.087569,-0.109043,-0.121451,0.02577,-0.109043
2026-07-21,15,603118,共进股份,C39计算机、通信和其他电子设备制造业,49.1,14.93,22.69,12.5,7.24,0.96,-4.31,3.0,5.0,0.099799,0.056263,0.159411,-0.087073,0.159411,0.056263
2026-07-21,16,000767,晋控电力,D44电力、热力生产和供应业,48.9,3.99,15.0,11.0,14.94,2.0,-0.0,3.0,5.0,0.045113,-0.085213,-0.087719,-0.050125,0.045113,-0.087719
2026-07-21,17,600756,浪潮软件,I65软件和信息技术服务业,48.9,14.78,20.22,13.01,9.23,0.71,-0.05,0.0,3.75,0.02774,-0.06157,0.041272,0.094723,0.041272,-0.06157
2026-07-21,18,600821,金开新能,D44电力、热力生产和供应业,47.4,6.73,18.84,5.98,14.81,1.81,-0.0,3.0,5.0,0.034175,-0.060921,-0.043091,-0.001486,0.043091,-0.060921
2026-07-21,19,002115,三维通信,L72商务服务业,45.9,11.66,18.05,17.04,7.54,2.02,-0.0,0.0,1.25,-0.022298,-0.114065,-0.072041,-0.005146,-0.022298,-0.114065
2026-07-21,20,002432,九安医疗,C35专用设备制造业,45.6,79.75,22.6,12.51,9.33,2.0,-8.08,6.0,1.25,0.023699,-0.152602,-0.159498,-0.156113,0.023699,-0.159498
2026-07-20,1,600267,海正药业,C27医药制造业,67.4,12.45,26.19,23.65,9.66,6.32,-6.38,3.0,5.0,-0.021687,-0.031325,-0.04739,-0.082731,0.00241,-0.071486
2026-07-20,2,603127,昭衍新药,M73研究和试验发展,63.0,47.0,25.86,25.0,9.08,1.61,-2.15,3.0,0.62,0.045106,0.031702,0.057447,-0.126596,0.057447,-0.037021
2026-07-20,3,000938,紫光股份,C39计算机、通信和其他电子设备制造业,62.6,37.69,28.02,19.53,7.14,0.69,-5.29,10.0,2.5,0.100027,0.126293,0.100292,-0.121783,0.191297,0.099761
2026-07-20,4,001206,依依股份,C41其他制造业,60.8,23.95,30.0,24.85,7.21,6.97,-8.85,0.0,0.62,-0.099791,-0.192902,-0.315658,-0.328184,-0.099791,-0.315658
2026-07-20,5,600664,哈药股份,C27医药制造业,58.7,5.31,30.0,25.0,13.32,4.91,-22.52,3.0,5.0,0.099812,0.129944,0.062147,0.12806,0.129944,0.016949
2026-07-20,6,000948,南天信息,I65软件和信息技术服务业,58.5,14.94,22.91,25.0,9.5,3.86,-4.64,0.0,1.88,-0.026104,-0.072289,-0.143909,0.016734,-0.026104,-0.149933
2026-07-20,7,600881,亚泰集团,C30非金属矿物制品业,57.9,1.89,25.53,18.83,13.08,6.68,-6.86,0.0,0.62,-0.100529,-0.095238,-0.089947,-0.068783,-0.089947,-0.132275
2026-07-20,8,603823,百合花,C26化学原料和化学制品制造业,57.5,77.2,30.0,16.43,7.24,6.38,-11.01,6.0,2.5,0.061269,-0.044819,-0.115026,-0.333161,0.061269,-0.115026
2026-07-20,9,603893,瑞芯微,C39计算机、通信和其他电子设备制造业,53.8,208.0,19.54,18.82,6.46,0.0,-3.52,10.0,2.5,0.00024,0.028846,0.048077,-0.115192,0.100288,0.00024
2026-07-20,10,002396,星网锐捷,C39计算机、通信和其他电子设备制造业,52.8,28.74,30.0,16.67,7.78,0.16,-7.34,3.0,2.5,0.099861,0.180585,0.089074,-0.131524,0.203549,0.089074
2026-07-20,11,600310,广西能源,D44电力、热力生产和供应业,52.8,4.83,21.75,12.5,13.03,5.76,-5.22,0.0,5.0,-0.080745,-0.070393,-0.093168,-0.078675,-0.062112,-0.136646
2026-07-20,12,000989,九芝堂,C27医药制造业,52.0,9.09,20.48,24.61,3.53,0.46,-2.12,0.0,5.0,-0.019802,0.007701,0.011001,0.009901,0.011001,-0.037404
2026-07-20,13,600602,云赛智联,I65软件和信息技术服务业,51.9,19.27,18.16,19.43,10.1,2.98,-3.65,3.0,1.88,-0.006746,-0.011936,-0.079917,-0.084069,0.051894,-0.100675
2026-07-20,14,603567,珍宝岛,C27医药制造业,51.7,5.75,22.67,24.2,9.77,2.0,-11.9,0.0,5.0,0.073043,0.130435,0.12,0.053913,0.130435,0.017391
2026-07-20,15,002310,东方新能,D44电力、热力生产和供应业,51.7,2.55,20.4,12.5,10.54,3.67,-3.45,3.0,5.0,-0.066667,-0.066667,-0.054902,-0.011765,-0.054902,-0.141176
2026-07-20,16,000977,浪潮信息,C39计算机、通信和其他电子设备制造业,51.6,81.29,24.19,15.24,6.57,0.0,-6.92,10.0,2.5,0.090663,0.082052,0.045639,-0.118465,0.112929,0.045639
2026-07-20,17,603466,风语筑,R88文化艺术业,51.0,12.02,24.34,21.26,4.54,2.2,-2.0,0.0,0.62,-0.016639,-0.126456,-0.194676,-0.15807,-0.016639,-0.209651
2026-07-20,18,000759,中百集团,F52零售业,50.7,7.22,20.47,19.48,8.55,4.05,-2.47,0.0,0.62,-0.060942,-0.059557,-0.063712,-0.049861,-0.036011,-0.091413
2026-07-20,19,600982,宁波能源,D44电力、热力生产和供应业,50.6,5.52,18.84,12.5,12.8,4.82,-3.37,0.0,5.0,-0.068841,-0.063406,-0.088768,-0.061594,-0.054348,-0.126812
2026-07-20,20,000554,泰山石油,F51批发业,50.1,6.95,21.45,21.35,7.04,4.45,-6.09,0.0,1.88,-0.069065,-0.017266,-0.110791,-0.066187,-0.017266,-0.110791
2026-07-17,1,600664,哈药股份,C27医药制造业,64.0,5.33,30.0,25.0,15.0,8.96,-22.95,3.0,5.0,-0.003752,0.121951,0.013133,0.105066,0.125704,-0.003752
2026-07-17,2,603567,珍宝岛,C27医药制造业,54.6,6.03,27.2,21.52,12.78,6.0,-17.9,0.0,5.0,-0.046434,-0.0199,-0.029851,0.023217,0.077944,-0.046434
2026-07-17,3,002396,星网锐捷,C39计算机、通信和其他电子设备制造业,53.3,29.95,30.0,20.58,8.51,1.58,-13.44,3.0,3.12,-0.040401,0.154925,0.099165,-0.129883,0.154925,-0.040401
2026-07-17,4,000779,甘咨询,M74专业技术服务业,50.9,12.23,30.0,25.0,7.59,8.5,-20.79,0.0,0.62,-0.099755,-0.270646,-0.183156,0.044971,-0.099755,-0.270646
2026-07-17,5,001206,依依股份,C41其他制造业,50.4,22.33,27.35,21.88,5.72,5.05,-10.24,0.0,0.62,0.072548,-0.131214,-0.220779,-0.294223,0.072548,-0.220779
2026-07-17,6,600881,亚泰集团,C30非金属矿物制品业,49.9,1.86,24.67,16.16,12.35,6.3,-10.91,0.0,1.25,0.016129,-0.096774,-0.11828,-0.053763,0.016129,-0.11828
2026-07-17,7,000948,南天信息,I65软件和信息技术服务业,47.4,14.15,21.2,21.71,7.92,2.71,-8.07,0.0,1.88,0.05583,0.016961,-0.102473,0.115194,0.05583,-0.102473
2026-07-17,8,001395,亚联机械,C35专用设备制造业,46.3,33.85,29.06,25.0,6.67,4.37,-20.66,0.0,1.88,-0.099852,-0.1226,-0.2,-0.162186,-0.046086,-0.2
2026-07-17,9,603118,共进股份,C39计算机、通信和其他电子设备制造业,45.7,14.95,21.56,17.38,7.98,2.06,-9.36,3.0,3.12,-0.092308,0.098328,0.054849,-0.029431,0.110368,-0.092308
2026-07-17,10,002432,九安医疗,C35专用设备制造业,45.1,79.2,19.74,12.5,11.57,5.38,-11.95,6.0,1.88,-0.084596,0.030808,-0.146717,-0.135606,0.030808,-0.146717
2026-07-17,11,002365,永安药业,C27医药制造业,44.6,12.6,23.18,17.85,13.37,2.0,-16.85,0.0,5.0,-0.027778,-0.009524,-0.076984,-0.010317,-0.009524,-0.076984
2026-07-17,12,002642,荣联科技,I65软件和信息技术服务业,43.0,7.35,18.61,21.93,7.61,3.05,-10.1,0.0,1.88,0.027211,-0.057143,-0.127891,0.005442,0.027211,-0.127891
2026-07-17,13,600227,赤天化,C26化学原料和化学制品制造业,41.1,3.06,22.78,15.66,9.82,2.05,-11.11,0.0,1.88,0.101307,0.029412,0.022876,0.068627,0.101307,-0.009804
2026-07-17,14,002127,南极电商,L72商务服务业,40.8,3.15,22.74,21.33,12.07,2.15,-18.78,0.0,1.25,-0.034921,-0.050794,-0.08254,-0.015873,-0.034921,-0.08254
2026-07-17,15,600992,贵绳股份,C33金属制品业,40.0,11.72,24.48,25.0,5.09,2.81,-17.96,0.0,0.62,-0.058874,-0.18686,-0.226962,-0.203072,-0.058874,-0.226962
2026-07-17,16,002739,儒意电影,R87广播、电视、电影和录音制作业,39.6,10.09,24.92,9.57,14.98,0.0,-13.44,3.0,0.62,-0.100099,-0.098117,-0.121903,-0.138751,-0.089197,-0.121903
2026-07-17,17,603823,百合花,C26化学原料和化学制品制造业,38.9,70.18,30.0,12.5,6.78,1.15,-16.44,3.0,1.88,0.100028,0.167427,0.081647,-0.333143,0.167427,0.050727
2026-07-17,18,002141,贤丰控股,C38电气机械和器材制造业,38.5,6.04,26.1,11.01,14.03,5.32,-19.17,0.0,1.25,-0.099338,-0.14404,-0.137417,-0.072848,-0.082781,-0.188742
2026-07-17,19,600602,云赛智联,I65软件和信息技术服务业,37.2,18.43,17.4,14.76,14.63,2.21,-16.7,3.0,1.88,0.045578,0.099837,-0.059685,-0.04395,0.099837,-0.059685
2026-07-17,20,600513,联环药业,C27医药制造业,37.2,16.89,17.76,21.12,3.58,1.58,-11.79,0.0,5.0,-0.01717,-0.108348,-0.087034,0.025459,-0.01717,-0.108348
2026-07-16,1,000938,紫光股份,C39计算机、通信和其他电子设备制造业,69.4,38.59,30.0,25.0,6.68,4.45,-8.69,10.0,5.0,-0.089661,0.074372,0.100026,-0.129308,0.163514,-0.089661
2026-07-16,2,603893,瑞芯微,C39计算机、通信和其他电子设备制造业,66.4,222.24,25.6,25.0,7.38,4.64,-11.25,10.0,5.0,-0.091073,-0.06385,-0.037077,-0.177691,0.029788,-0.091073
2026-07-16,3,603127,昭衍新药,M73研究和试验发展,65.7,53.25,30.0,25.0,14.56,7.98,-19.17,6.0,1.25,-0.099906,-0.077559,-0.08939,-0.247887,-0.077559,-0.117371
2026-07-16,4,000977,浪潮信息,C39计算机、通信和其他电子设备制造业,62.3,85.0,27.17,25.0,5.59,0.12,-10.55,10.0,5.0,-0.089412,0.043059,0.034824,-0.187294,0.064353,-0.089412
2026-07-16,5,002396,星网锐捷,C39计算机、通信和其他电子设备制造业,60.3,28.51,30.0,22.55,8.0,0.06,-8.26,3.0,5.0,0.050509,0.108734,0.190109,-0.143108,0.213259,0.008067
2026-07-16,6,002303,美盈森,C22造纸和纸制品业,60.2,5.04,27.34,25.0,8.03,6.31,-7.04,0.0,0.62,-0.099206,-0.180556,-0.176587,-0.14881,-0.099206,-0.188492
2026-07-16,7,002728,特一药业,C27医药制造业,59.6,10.27,25.39,24.97,4.84,2.62,-3.22,0.0,5.0,-0.100292,-0.150925,-0.12074,-0.160662,-0.100292,-0.16261
2026-07-16,8,002900,哈三联,C27医药制造业,58.0,12.11,24.37,19.2,12.23,7.5,-10.25,0.0,5.0,-0.099917,-0.174236,-0.000826,-0.045417,-0.000826,-0.174236
2026-07-16,9,603757,大元泵业,C34通用设备制造业,57.8,79.5,30.0,18.03,5.77,3.73,-4.06,3.0,1.25,-0.039623,-0.180503,-0.226415,-0.364025,-0.039623,-0.226415
2026-07-16,10,000989,九芝堂,C27医药制造业,57.6,9.66,24.66,24.06,9.21,2.0,-7.33,0.0,5.0,-0.065217,-0.07764,-0.05176,-0.083851,-0.05176,-0.07764
2026-07-16,11,002693,双成药业,C27医药制造业,56.4,10.52,23.19,24.75,4.07,1.82,-2.44,0.0,5.0,-0.09981,-0.180608,-0.18346,-0.197719,-0.09981,-0.191065
2026-07-16,12,002038,双鹭药业,C27医药制造业,55.7,6.56,26.13,25.0,4.1,2.0,-6.58,0.0,5.0,-0.10061,-0.147866,-0.147866,-0.179878,-0.10061,-0.153963
2026-07-16,13,603367,辰欣药业,C27医药制造业,55.7,15.67,23.91,21.99,6.45,2.5,-4.17,0.0,5.0,-0.094448,-0.103382,-0.056158,-0.116146,-0.056158,-0.103382
2026-07-16,14,002294,信立泰,C27医药制造业,55.6,41.37,28.73,13.01,6.45,2.0,-5.55,6.0,5.0,-0.099347,-0.147208,-0.154943,-0.198695,-0.098139,-0.168238
2026-07-16,15,001229,魅视科技,C39计算机、通信和其他电子设备制造业,54.8,39.58,29.28,25.0,2.48,0.0,-6.94,0.0,5.0,-0.093987,-0.131127,-0.100051,-0.204396,-0.068469,-0.14856
2026-07-16,16,002923,润都股份,C27医药制造业,52.3,11.83,23.87,24.44,5.64,2.16,-8.81,0.0,5.0,-0.099746,-0.119189,-0.108199,-0.140321,-0.099746,-0.125106
2026-07-16,17,600829,人民同泰,F51批发业,52.1,10.4,26.1,21.48,12.93,6.47,-16.05,0.0,1.25,-0.1,-0.133654,-0.130769,-0.104808,-0.1,-0.158654
2026-07-16,18,002437,誉衡药业,C27医药制造业,49.7,3.17,24.47,20.76,3.77,2.05,-6.35,0.0,5.0,-0.072555,-0.107256,-0.094637,-0.104101,-0.072555,-0.107256
2026-07-16,19,002412,汉森制药,C27医药制造业,49.0,6.72,21.67,19.01,9.01,1.79,-7.51,0.0,5.0,-0.043155,-0.092262,0.098214,-0.02381,0.098214,-0.092262
2026-07-16,20,002558,巨人网络,I64互联网和相关服务,48.6,30.28,25.03,15.73,9.16,2.49,-10.4,6.0,0.62,-0.038309,-0.01354,-0.165786,-0.085865,-0.009908,-0.165786
2026-07-15,1,002317,众生药业,C27医药制造业,69.2,33.29,30.0,25.0,8.74,6.41,-8.93,3.0,5.0,-0.10003,-0.19225,-0.164914,-0.213277,-0.10003,-0.19225
2026-07-15,2,000938,紫光股份,C39计算机、通信和其他电子设备制造业,69.0,35.53,27.26,25.0,5.18,1.1,-1.57,10.0,5.0,0.086124,0.060794,0.263721,0.050661,0.263721,-0.011258
2026-07-15,3,002821,凯莱英,C27医药制造业,68.0,195.75,30.0,25.0,7.51,8.88,-11.44,6.0,5.0,-0.080511,-0.169808,-0.160766,-0.208123,-0.080511,-0.172465
2026-07-15,4,002156,通富微电,C39计算机、通信和其他电子设备制造业,67.9,78.71,24.89,12.5,9.92,5.78,-0.18,10.0,5.0,-0.035065,-0.199593,-0.048406,-0.211028,-0.035065,-0.199593
2026-07-15,5,000989,九芝堂,C27医药制造业,67.4,9.99,25.82,22.61,14.19,7.65,-4.88,0.0,5.0,-0.033033,-0.09009,-0.091091,-0.098098,-0.033033,-0.108108
2026-07-15,6,002396,星网锐捷,C39计算机、通信和其他电子设备制造业,66.1,27.52,30.0,25.0,7.5,0.0,-4.44,3.0,5.0,0.035974,0.044331,0.256904,-0.043605,0.256904,0.035974
2026-07-15,7,600267,海正药业,C27医药制造业,66.0,11.98,24.52,20.62,8.43,6.93,-2.52,3.0,5.0,0.000835,0.039232,0.041736,-0.011686,0.041736,-0.055092
2026-07-15,8,002303,美盈森,C22造纸和纸制品业,65.8,5.01,28.98,24.5,9.9,8.74,-6.95,0.0,0.62,0.005988,-0.183633,-0.183633,-0.113772,0.005988,-0.183633
2026-07-15,9,603669,灵康药业,C27医药制造业,64.7,8.11,30.0,25.0,10.33,9.0,-14.58,0.0,5.0,-0.099877,-0.27127,-0.32799,-0.358816,-0.099877,-0.34402
2026-07-15,10,603127,昭衍新药,M73研究和试验发展,64.3,50.62,30.0,25.0,4.95,9.0,-11.23,6.0,0.62,0.051956,-0.071513,-0.050573,-0.131964,0.051956,-0.071513
2026-07-15,11,600129,太极集团,C27医药制造业,63.1,17.98,29.28,25.0,8.9,3.5,-8.56,0.0,5.0,-0.095662,-0.132925,-0.113459,-0.129032,-0.095662,-0.167964
2026-07-15,12,000977,浪潮信息,C39计算机、通信和其他电子设备制造业,62.5,84.7,28.35,25.0,5.78,1.48,-13.11,10.0,5.0,0.003542,-0.04026,0.068123,-0.11523,0.068123,-0.086187
2026-07-15,13,603757,大元泵业,C34通用设备制造业,60.8,77.0,27.77,20.21,8.02,1.92,-0.71,3.0,0.62,0.032468,-0.107532,-0.184156,-0.27039,0.032468,-0.184156
2026-07-15,14,002728,特一药业,C27医药制造业,60.1,10.19,24.61,22.57,5.82,2.27,-0.2,0.0,5.0,0.007851,-0.156035,-0.154073,-0.141315,0.007851,-0.156035
2026-07-15,15,600513,联环药业,C27医药制造业,59.3,19.15,23.63,19.04,11.57,5.8,-5.73,0.0,5.0,-0.09765,-0.133159,-0.213577,-0.204178,-0.09765,-0.213577
2026-07-15,16,600488,津药药业,C27医药制造业,59.1,6.98,30.0,25.0,6.13,5.07,-12.06,0.0,5.0,-0.075931,-0.250716,-0.272206,-0.249284,-0.075931,-0.275072
2026-07-15,17,603367,辰欣药业,C27医药制造业,58.4,15.73,23.59,16.58,13.1,5.2,-5.04,0.0,5.0,-0.003814,-0.06993,-0.090909,-0.101716,-0.003814,-0.106802
2026-07-15,18,002923,润都股份,C27医药制造业,58.0,11.81,23.17,19.81,9.83,4.27,-4.04,0.0,5.0,0.001693,-0.104149,-0.123624,-0.113463,0.001693,-0.123624
2026-07-15,19,002412,汉森制药,C27医药制造业,57.9,6.81,21.51,17.17,12.3,5.3,-3.4,0.0,5.0,-0.013216,-0.076358,-0.014684,0.014684,-0.013216,-0.104258
2026-07-15,20,605090,九丰能源,D45燃气生产和供应业,56.6,41.6,23.71,16.04,11.38,2.93,-1.06,3.0,0.62,-0.090865,-0.173558,-0.197356,-0.226442,-0.081731,-0.197356
2026-07-14,1,002185,华天科技,C39计算机、通信和其他电子设备制造业,74.3,25.68,30.0,22.77,8.86,5.0,-4.32,10.0,5.0,-0.100078,-0.271028,-0.285436,-0.319704,-0.100078,-0.343847
2026-07-14,2,000938,紫光股份,C39计算机、通信和其他电子设备制造业,70.7,36.98,29.63,25.0,7.14,2.0,-5.12,10.0,5.0,-0.03921,-0.050027,0.121147,0.121687,0.121147,-0.050027
2026-07-14,3,000977,浪潮信息,C39计算机、通信和其他电子设备制造业,70.1,84.95,28.24,25.0,7.22,2.0,-4.34,10.0,5.0,-0.002943,-0.088876,0.043673,-0.060035,0.043673,-0.088876
2026-07-14,4,600428,中远海特,G55水上运输业,69.5,10.58,27.27,23.5,14.38,8.63,-8.5,3.0,1.25,-0.000945,-0.00189,0.030246,0.058601,0.055766,-0.017013
2026-07-14,5,603669,灵康药业,C27医药制造业,68.9,7.4,30.0,25.0,11.89,9.0,-8.98,0.0,5.0,0.095946,-0.112162,-0.281081,-0.297297,0.095946,-0.281081
2026-07-14,6,002156,通富微电,C39计算机、通信和其他电子设备制造业,65.1,77.87,25.28,10.35,9.09,5.4,-0.07,10.0,5.0,0.010787,-0.122127,-0.110055,-0.113908,0.010787,-0.190959
2026-07-14,7,603127,昭衍新药,M73研究和试验发展,64.7,46.02,29.55,20.03,9.69,5.45,-3.65,3.0,0.62,0.099957,0.041504,0.067362,-0.009778,0.157106,0.021295
2026-07-14,8,603019,中科曙光,C39计算机、通信和其他电子设备制造业,64.3,101.9,20.08,21.85,5.84,1.57,-0.0,10.0,5.0,-0.050442,-0.137488,-0.03945,-0.096173,-0.03945,-0.137488
2026-07-14,9,600288,大恒科技,C39计算机、通信和其他电子设备制造业,64.1,17.18,27.91,25.0,6.84,4.78,-5.43,0.0,5.0,-0.100116,-0.271246,-0.401048,-0.423749,-0.100116,-0.401048
2026-07-14,10,600584,长电科技,C39计算机、通信和其他电子设备制造业,62.4,102.7,26.6,13.78,7.19,0.53,-0.7,10.0,5.0,-0.099708,-0.167575,-0.175365,-0.251899,-0.099708,-0.250341
2026-07-14,11,002396,星网锐捷,C39计算机、通信和其他电子设备制造业,62.1,28.62,30.0,25.0,9.78,1.46,-12.19,3.0,5.0,-0.038435,0.046471,0.104472,-0.010133,0.104472,-0.038435
2026-07-14,12,002317,众生药业,C27医药制造业,61.9,31.15,29.57,23.66,7.63,4.14,-11.09,3.0,5.0,0.0687,-0.09053,-0.130979,-0.149599,0.0687,-0.136758
2026-07-14,13,600488,津药药业,C27医药制造业,60.9,6.47,28.58,25.0,6.39,5.23,-9.36,0.0,5.0,0.078825,-0.102009,-0.217929,-0.188563,0.078825,-0.217929
2026-07-14,14,002123,梦网科技,I65软件和信息技术服务业,60.7,9.48,25.32,25.0,7.1,4.82,-4.01,0.0,2.5,-0.100211,-0.206751,-0.147679,-0.133966,-0.100211,-0.206751
2026-07-14,15,000989,九芝堂,C27医药制造业,60.4,9.47,22.98,15.67,13.87,5.08,-2.18,0.0,5.0,0.05491,-0.046463,-0.059134,-0.043295,0.05491,-0.059134
2026-07-14,16,603991,领先股份,C29橡胶和塑料制品业,59.2,164.73,28.92,20.77,5.08,2.82,-2.01,3.0,0.62,-0.099982,-0.145329,-0.220907,-0.273114,-0.050385,-0.230802
2026-07-14,17,603757,大元泵业,C34通用设备制造业,59.2,78.28,30.0,16.26,7.21,2.93,-1.44,3.0,1.25,-0.016352,-0.024655,-0.167731,-0.276444,0.015585,-0.167731
2026-07-14,18,600129,太极集团,C27医药制造业,58.9,17.63,27.76,25.0,10.17,3.08,-12.14,0.0,5.0,0.019853,-0.151446,-0.132161,-0.12025,0.019853,-0.151446
2026-07-14,19,603313,梦百合,C21家具制造业,58.2,8.59,30.0,25.0,8.57,7.32,-13.27,0.0,0.62,-0.076834,-0.194412,-0.345751,-0.346915,-0.076834,-0.345751
2026-07-14,20,002828,贝肯能源,B11开采专业及辅助性活动,57.5,12.39,28.76,25.0,4.14,0.91,-1.94,0.0,0.62,-0.016142,-0.040355,-0.058918,-0.025827,0.0,-0.058918
2026-07-10,1,002185,华天科技,C39计算机、通信和其他电子设备制造业,79.0,25.31,30.0,23.52,6.17,8.3,-5.98,10.0,5.0,-0.046622,-0.086922,-0.260371,-0.265508,0.014619,-0.260371
2026-07-10,2,000977,浪潮信息,C39计算机、通信和其他电子设备制造业,78.3,89.52,30.0,25.0,14.86,7.58,-16.09,10.0,5.0,-0.045018,-0.053843,-0.135389,-0.047029,-0.045018,-0.135389
2026-07-10,3,000938,紫光股份,C39计算机、通信和其他电子设备制造业,75.7,38.41,30.0,25.0,8.91,8.8,-13.98,10.0,5.0,-0.00026,-0.07498,-0.085394,0.079146,0.004686,-0.085394
2026-07-10,4,600360,华微电子,C39计算机、通信和其他电子设备制造业,71.6,16.79,30.0,24.33,10.08,7.23,-10.02,3.0,5.0,0.013699,-0.147707,-0.309708,-0.408577,0.013699,-0.309708
2026-07-10,5,603019,中科曙光,C39计算机、通信和其他电子设备制造业,65.9,107.5,27.07,15.1,9.34,5.39,-7.97,10.0,5.0,-0.012744,-0.099907,-0.182419,-0.093023,-0.012744,-0.182419
2026-07-10,6,002747,埃斯顿,C34通用设备制造业,64.7,42.78,25.74,25.0,7.06,0.0,-1.0,6.0,1.88,-0.100047,-0.043946,-0.107293,-0.297803,-0.008181,-0.107293
2026-07-10,7,600584,长电科技,C39计算机、通信和其他电子设备制造业,64.6,101.11,28.46,12.5,8.27,1.89,-3.57,10.0,5.0,-0.020374,-0.08555,-0.154485,-0.180101,0.015725,-0.177035
2026-07-10,8,000779,甘咨询,M74专业技术服务业,64.0,10.6,30.0,25.0,11.83,7.72,-11.14,0.0,0.62,0.015094,0.054717,0.153774,-0.057547,0.153774,0.000943
2026-07-10,9,603991,领先股份,C29橡胶和塑料制品业,62.7,161.31,27.79,25.0,9.66,1.19,-4.53,3.0,0.62,-0.039179,-0.0809,-0.127208,-0.259562,0.021201,-0.127208
2026-07-10,10,000021,深科技,C39计算机、通信和其他电子设备制造业,62.4,57.91,30.0,12.5,9.05,0.8,-6.95,10.0,5.0,-0.099983,-0.183906,-0.326369,-0.274909,-0.093248,-0.326369
2026-07-10,11,603339,四方科技,C33金属制品业,61.7,16.25,25.94,20.82,8.29,7.27,-1.17,0.0,0.62,-0.016615,-0.203692,-0.289231,-0.300923,-0.016615,-0.289231
2026-07-10,12,002317,众生药业,C27医药制造业,61.6,29.54,26.96,23.52,7.24,5.53,-7.15,3.0,2.5,0.069736,0.126947,-0.040961,-0.096818,0.126947,-0.040961
2026-07-10,13,600129,太极集团,C27医药制造业,61.2,16.58,26.48,25.0,10.19,4.68,-7.68,0.0,2.5,0.082027,0.084439,-0.097708,-0.11158,0.084439,-0.097708
2026-07-10,14,002739,儒意电影,R87广播、电视、电影和录音制作业,60.1,10.43,25.92,18.43,9.46,3.99,-1.93,3.0,1.25,-0.099712,-0.100671,-0.032598,-0.150527,-0.010547,-0.182167
2026-07-10,15,002558,巨人网络,I64互联网和相关服务,59.2,29.56,24.93,19.25,6.48,1.9,-0.0,6.0,0.62,-0.036536,0.0,-0.014885,-0.182003,0.024357,-0.091001
2026-07-10,16,002745,木林森,C38电气机械和器材制造业,58.4,12.84,28.19,11.03,12.25,4.57,-1.96,3.0,1.25,-0.099688,-0.069315,-0.175234,-0.178349,-0.043614,-0.175234
2026-07-10,17,001270,铖昌科技,C39计算机、通信和其他电子设备制造业,58.3,166.3,26.29,19.33,8.3,3.55,-12.15,6.0,5.0,-0.1,-0.268731,-0.338906,-0.418701,-0.1,-0.338906
2026-07-10,18,002841,视源股份,C39计算机、通信和其他电子设备制造业,58.1,52.45,30.0,25.0,13.15,6.31,-26.36,3.0,5.0,-0.029171,-0.08122,-0.094185,-0.138227,-0.016206,-0.094185
2026-07-10,19,600288,大恒科技,C39计算机、通信和其他电子设备制造业,57.9,16.54,28.73,25.0,10.44,2.0,-15.24,0.0,5.0,0.006046,-0.065296,-0.243047,-0.41838,0.038694,-0.243047
2026-07-10,20,002457,青龙管业,C30非金属矿物制品业,57.6,15.76,27.8,20.49,7.94,5.0,-4.83,0.0,1.25,-0.100254,-0.257614,-0.349619,-0.392132,-0.100254,-0.349619
2026-07-08,1,000938,紫光股份,C39计算机、通信和其他电子设备制造业,74.6,33.62,26.26,25.0,11.02,6.43,-6.06,10.0,5.0,0.061273,0.142177,0.056811,0.335515,0.142475,0.056811
2026-07-08,2,002025,航天电器,C39计算机、通信和其他电子设备制造业,67.0,86.3,29.67,25.0,6.1,1.37,-6.14,6.0,5.0,-0.029432,-0.119351,-0.184705,-0.19409,-0.029432,-0.184705
2026-07-08,3,000779,甘咨询,M74专业技术服务业,60.2,9.18,24.26,20.65,12.81,5.73,-3.88,0.0,0.62,0.068627,0.172113,0.217865,-0.028322,0.217865,0.068627
2026-07-08,4,603893,瑞芯微,C39计算机、通信和其他电子设备制造业,59.9,202.0,23.21,10.88,15.0,7.34,-11.48,10.0,5.0,0.026535,0.084158,0.042079,0.13297,0.084158,0.026535
2026-07-08,5,600360,华微电子,C39计算机、通信和其他电子设备制造业,57.9,14.97,23.7,20.62,7.11,1.84,-3.38,3.0,5.0,0.068136,0.136941,-0.044088,-0.297261,0.136941,-0.044088
2026-07-08,6,603823,百合花,C26化学原料和化学制品制造业,56.9,69.79,30.0,25.0,7.36,2.0,-12.92,3.0,2.5,-0.0096,-0.054306,-0.065196,0.17395,-0.0096,-0.065196
2026-07-08,7,002828,贝肯能源,B11开采专业及辅助性活动,56.7,12.42,29.24,25.0,7.49,3.33,-8.99,0.0,0.62,-0.013688,0.047504,-0.018519,-0.061192,0.085346,-0.018519
2026-07-08,8,000970,中科三环,C39计算机、通信和其他电子设备制造业,56.3,15.93,22.16,22.26,5.28,0.69,-2.08,3.0,5.0,-0.055869,-0.053986,-0.034526,-0.183302,0.015694,-0.055869
2026-07-08,9,603118,共进股份,C39计算机、通信和其他电子设备制造业,56.2,14.44,22.0,12.5,12.83,4.42,-3.59,3.0,5.0,-0.070637,0.024931,-0.108726,0.137119,0.024931,-0.108726
2026-07-08,10,605208,永茂泰,C32有色金属冶炼和压延加工业,54.6,17.69,22.87,16.77,9.51,5.55,-2.0,0.0,1.88,0.034483,0.044658,0.070661,-0.298474,0.091577,0.034483
2026-07-08,11,600172,黄河旋风,C30非金属矿物制品业,54.2,17.59,28.09,23.28,6.89,1.33,-10.25,3.0,1.88,0.063104,-0.130188,-0.200114,-0.356453,0.063104,-0.200114
2026-07-08,12,002185,华天科技,C39计算机、通信和其他电子设备制造业,53.8,21.57,23.97,12.5,8.47,0.1,-2.23,6.0,5.0,0.100139,0.118683,0.071395,-0.146036,0.190542,0.071395
2026-07-08,13,603268,松发股份,C37铁路、船舶、航空航天和其他运输设备制造业,53.7,167.77,19.92,14.1,10.0,5.96,-2.87,6.0,0.62,-0.064195,-0.028849,-0.043572,-0.066937,-0.027001,-0.064195
2026-07-08,14,002077,大港股份,C39计算机、通信和其他电子设备制造业,53.7,19.5,23.22,9.52,10.97,4.14,-2.15,3.0,5.0,0.032308,-0.071282,-0.177949,-0.377949,0.032308,-0.177949
2026-07-08,15,000518,四环生物,C27医药制造业,53.2,3.82,23.85,20.39,8.82,5.21,-6.99,0.0,1.88,0.044503,0.002618,0.028796,-0.091623,0.062827,0.002618
2026-07-08,16,002457,青龙管业,C30非金属矿物制品业,52.9,15.48,23.52,16.41,12.66,6.09,-7.68,0.0,1.88,-0.027132,-0.083979,-0.244186,-0.376615,0.018088,-0.244186
2026-07-08,17,002409,雅克科技,C26化学原料和化学制品制造业,52.9,190.0,30.0,12.5,5.22,0.0,-3.28,6.0,2.5,0.1,-0.005158,-0.098421,-0.211263,0.1,-0.098421
2026-07-08,18,002396,星网锐捷,C39计算机、通信和其他电子设备制造业,52.9,29.1,30.0,25.0,5.25,4.12,-19.48,3.0,5.0,-0.004811,-0.00378,-0.054296,0.18866,-0.00378,-0.056014
2026-07-08,19,600206,有研新材,C32有色金属冶炼和压延加工业,52.7,53.98,30.0,12.5,6.59,0.0,-4.3,6.0,1.88,0.100037,0.000371,-0.117266,-0.247129,0.111523,-0.117266
2026-07-08,20,002038,双鹭药业,C27医药制造业,52.3,6.34,22.32,25.0,4.87,0.42,-2.24,0.0,1.88,-0.085174,0.059937,0.055205,-0.124606,0.111987,-0.085174
2026-07-06,1,000938,紫光股份,C39计算机、通信和其他电子设备制造业,68.9,33.31,23.98,22.6,8.88,8.07,-9.65,10.0,5.0,-0.054938,0.07115,0.152807,0.131492,0.153107,-0.054938
2026-07-06,2,000021,深科技,C39计算机、通信和其他电子设备制造业,68.1,53.3,28.61,25.0,5.0,0.0,-2.49,10.0,5.0,0.014447,0.055159,-0.022139,-0.340713,0.086492,-0.040713
2026-07-06,3,603078,江化微,C26化学原料和化学制品制造业,65.8,57.7,29.42,25.0,6.56,5.0,-7.02,3.0,3.75,-0.081976,-0.115945,-0.273484,-0.451127,-0.081976,-0.273484
2026-07-06,4,001270,铖昌科技,C39计算机、通信和其他电子设备制造业,64.1,159.39,22.5,25.0,11.07,1.04,-6.46,6.0,5.0,0.038961,0.030303,-0.060982,-0.379196,0.043353,-0.060982
2026-07-06,5,002317,众生药业,C27医药制造业,63.7,28.99,27.98,25.0,6.42,7.54,-8.18,3.0,1.88,-0.074508,-0.073819,0.090031,-0.072439,0.090031,-0.104174
2026-07-06,6,002979,雷赛智能,C40仪器仪表制造业,63.3,73.27,28.51,23.75,15.0,8.04,-15.61,3.0,0.62,-0.054183,-0.110959,-0.157227,-0.276784,-0.054183,-0.157227
2026-07-06,7,002536,飞龙股份,C36汽车制造业,62.3,55.0,29.38,20.73,9.4,7.26,-9.4,3.0,1.88,-0.035455,-0.042,-0.106364,-0.194727,-0.035455,-0.106364
2026-07-06,8,001309,德明利,C39计算机、通信和其他电子设备制造业,62.2,935.0,30.0,17.14,7.61,0.0,-7.5,10.0,5.0,-0.08984,-0.079701,-0.229968,-0.48354,-0.079701,-0.229968
2026-07-06,9,603032,德新科技,C35专用设备制造业,62.1,29.75,23.27,23.7,8.69,8.25,-5.47,0.0,3.75,-0.099832,-0.254118,-0.331092,-0.443697,-0.099832,-0.331092
2026-07-06,10,603991,领先股份,C29橡胶和塑料制品业,61.9,153.59,30.0,25.0,4.83,3.92,-6.13,3.0,1.25,0.007162,0.087701,0.009115,-0.175011,0.087701,-0.011199
2026-07-06,11,002860,星帅尔,C38电气机械和器材制造业,61.8,17.56,28.38,24.48,9.27,8.95,-11.77,0.0,2.5,-0.05467,-0.050114,-0.078588,-0.067198,-0.050114,-0.104784
2026-07-06,12,002747,埃斯顿,C34通用设备制造业,61.1,46.03,30.0,25.0,10.66,7.11,-19.56,6.0,1.88,0.064523,-0.097762,-0.163589,-0.253313,0.064523,-0.163589
2026-07-06,13,000034,神州数码,F51批发业,61.0,28.88,23.03,24.15,8.92,3.41,-2.11,3.0,0.62,-0.07133,-0.001731,-0.044321,-0.13608,0.025623,-0.07133
2026-07-06,14,600601,方正科技,C39计算机、通信和其他电子设备制造业,60.4,14.99,23.69,20.37,6.15,4.14,-4.99,6.0,5.0,-0.019346,-0.074049,-0.187458,-0.351568,-0.019346,-0.187458
2026-07-06,15,603713,密尔克卫,G58多式联运和运输代理业,60.1,78.35,30.0,23.26,8.23,3.93,-8.88,3.0,0.62,0.014933,-0.029866,-0.083599,-0.199745,0.014933,-0.083599
2026-07-06,16,002452,长高电气,C38电气机械和器材制造业,59.3,13.83,24.72,22.99,6.39,7.6,-4.87,0.0,2.5,-0.057845,-0.16992,-0.222704,-0.263196,-0.057845,-0.222704
2026-07-06,17,000977,浪潮信息,C39计算机、通信和其他电子设备制造业,58.7,69.71,20.97,16.31,7.3,1.13,-2.0,10.0,5.0,0.019366,0.233539,0.226366,0.166117,0.284177,0.019366
2026-07-06,18,600366,宁波韵升,C30非金属矿物制品业,58.4,16.11,25.28,25.0,4.27,2.0,-2.46,3.0,1.25,0.024829,-0.055245,-0.147734,-0.342024,0.024829,-0.147734
2026-07-06,19,603903,中持股份,N77生态保护和环境治理业,58.2,15.57,26.31,25.0,10.95,9.0,-13.67,0.0,0.62,0.016057,0.037251,-0.021195,-0.205523,0.037251,-0.021195
2026-07-06,20,002931,锋龙股份,C35专用设备制造业,57.9,79.6,27.39,12.74,11.2,3.5,-3.71,3.0,3.75,-0.1,-0.243593,-0.336935,-0.44598,-0.1,-0.336935
2026-07-03,1,000021,深科技,C39计算机、通信和其他电子设备制造业,69.4,55.91,29.68,25.0,6.16,0.93,-4.35,10.0,5.0,-0.046682,-0.085495,0.035772,-0.302272,0.035772,-0.085495
2026-07-03,2,603662,柯力传感,C39计算机、通信和其他电子设备制造业,69.0,80.0,25.85,16.93,12.69,7.43,-1.87,3.0,5.0,-0.085,-0.209,-0.202,-0.3425,-0.085,-0.209
2026-07-03,3,000970,中科三环,C39计算机、通信和其他电子设备制造业,68.0,16.48,30.0,22.2,8.21,5.23,-5.64,3.0,5.0,-0.055218,-0.033374,-0.058252,-0.183252,0.004248,-0.087379
2026-07-03,4,002747,埃斯顿,C34通用设备制造业,67.7,44.77,30.0,24.85,7.6,7.76,-9.83,6.0,1.25,0.028144,-0.014965,-0.044449,-0.146973,0.094483,-0.07237
2026-07-03,5,001309,德明利,C39计算机、通信和其他电子设备制造业,67.6,881.91,26.63,25.0,6.98,0.0,-3.01,10.0,5.0,0.060199,-0.06453,-0.092901,-0.391616,0.060199,-0.092901
2026-07-03,6,603078,江化微,C26化学原料和化学制品制造业,67.1,56.26,30.0,24.16,8.19,3.92,-7.15,3.0,5.0,0.025595,-0.147707,-0.172058,-0.374511,0.025595,-0.172058
2026-07-03,7,000100,TCL科技,C39计算机、通信和其他电子设备制造业,65.4,5.65,21.92,25.0,4.95,0.95,-2.37,10.0,5.0,-0.081416,-0.107965,-0.093805,-0.115044,-0.051327,-0.107965
2026-07-03,8,600360,华微电子,C39计算机、通信和其他电子设备制造业,65.0,14.96,20.17,25.0,9.06,5.33,-2.51,3.0,5.0,-0.06885,0.000668,0.122326,-0.225267,0.122326,-0.06885
2026-07-03,9,002317,众生药业,C27医药制造业,64.8,27.44,25.04,25.0,7.21,5.99,-3.31,3.0,1.88,0.056487,-0.053571,0.076531,0.032434,0.076531,-0.053571
2026-07-03,10,002119,康强电子,C39计算机、通信和其他电子设备制造业,64.6,39.04,30.0,25.0,5.67,1.18,-5.27,3.0,5.0,-0.099898,-0.155994,-0.174436,-0.394723,-0.099898,-0.174436
2026-07-03,11,002965,祥鑫科技,C36汽车制造业,63.5,52.6,30.0,25.0,5.05,3.48,-4.32,3.0,1.25,0.03251,-0.021673,-0.022624,-0.134221,0.03251,-0.025665
2026-07-03,12,603678,火炬电子,C39计算机、通信和其他电子设备制造业,63.4,85.48,27.94,25.0,5.68,2.05,-8.31,6.0,5.0,-0.100023,-0.270941,-0.304516,-0.447473,-0.100023,-0.304516
2026-07-03,13,603986,兆易创新,C39计算机、通信和其他电子设备制造业,63.2,677.77,25.43,23.32,7.13,0.0,-7.65,10.0,5.0,-0.034643,-0.110067,-0.097039,-0.316656,-0.021069,-0.110067
2026-07-03,14,603588,高能环境,N77生态保护和环境治理业,62.1,19.8,30.0,20.43,6.64,4.23,-5.85,6.0,0.62,-0.1,-0.19697,-0.25202,-0.383333,-0.1,-0.25202
2026-07-03,15,002860,星帅尔,C38电气机械和器材制造业,62.0,15.96,24.16,22.68,8.98,6.67,-1.79,0.0,1.25,0.100251,-0.015038,0.022556,0.013784,0.100251,-0.015038
2026-07-03,16,002020,京新药业,C27医药制造业,61.2,15.19,24.18,19.11,13.27,4.41,-4.63,3.0,1.88,-0.017117,-0.068466,-0.057275,-0.090191,-0.009217,-0.097433
2026-07-03,17,600601,方正科技,C39计算机、通信和其他电子设备制造业,60.9,15.12,23.56,15.73,9.32,5.5,-4.17,6.0,5.0,-0.008598,-0.12037,-0.128307,-0.304894,-0.008598,-0.128307
2026-07-03,18,002056,横店东磁,C38电气机械和器材制造业,60.0,32.82,21.05,21.23,7.34,5.54,-2.47,6.0,1.25,-0.062157,-0.087751,-0.184948,-0.26752,-0.056977,-0.184948
2026-07-03,19,002068,黑猫股份,C26化学原料和化学制品制造业,59.0,14.2,27.67,25.0,2.38,0.0,-4.02,3.0,5.0,-0.074648,-0.202113,-0.227465,-0.427465,-0.074648,-0.227465
2026-07-03,20,002635,安洁科技,C39计算机、通信和其他电子设备制造业,58.5,23.36,29.02,25.0,4.68,5.0,-10.18,0.0,5.0,-0.100171,-0.234161,-0.256849,-0.413099,-0.100171,-0.256849
2026-07-02,1,603078,江化微,C26化学原料和化学制品制造业,69.4,56.9,30.0,23.98,8.44,7.79,-8.86,3.0,5.0,-0.011248,-0.069069,-0.103515,-0.349033,0.01406,-0.157293
2026-07-02,2,000725,京东方A,C39计算机、通信和其他电子设备制造业,69.0,9.1,30.0,25.0,8.1,7.29,-13.37,10.0,5.0,-0.079121,-0.167033,-0.104396,-0.335165,-0.079121,-0.167033
2026-07-02,3,603379,三美股份,C26化学原料和化学制品制造业,68.5,83.48,29.13,25.0,13.09,6.09,-12.85,6.0,5.0,-0.100024,-0.158002,-0.200048,-0.271802,-0.100024,-0.200048
2026-07-02,4,000100,TCL科技,C39计算机、通信和其他电子设备制造业,67.5,5.92,25.36,25.0,7.66,1.84,-7.41,10.0,5.0,-0.045608,-0.111486,-0.094595,-0.158784,-0.045608,-0.148649
2026-07-02,5,002326,永太科技,C26化学原料和化学制品制造业,67.2,28.0,26.25,17.55,15.0,6.52,-6.07,3.0,5.0,-0.078214,-0.156786,-0.256786,-0.351786,-0.078214,-0.256786
2026-07-02,6,600378,昊华科技,C26化学原料和化学制品制造业,66.1,82.17,30.0,25.0,7.13,5.76,-16.79,10.0,5.0,-0.074967,-0.20202,-0.194353,-0.40757,-0.074967,-0.23926
2026-07-02,7,605020,永和股份,C26化学原料和化学制品制造业,64.9,48.39,30.0,25.0,7.68,9.0,-14.75,3.0,5.0,-0.076049,-0.195702,-0.21988,-0.285596,-0.076049,-0.245712
2026-07-02,8,605111,新洁能,C39计算机、通信和其他电子设备制造业,64.6,83.38,26.25,25.0,5.42,0.74,-3.76,6.0,5.0,-0.031302,-0.043656,-0.045574,-0.291077,-0.031302,-0.063924
2026-07-02,9,601678,滨化股份,C26化学原料和化学制品制造业,64.4,7.7,29.59,25.0,6.14,8.35,-12.66,3.0,5.0,-0.1,-0.228571,-0.254545,-0.341558,-0.1,-0.254545
2026-07-02,10,002106,莱宝高科,C39计算机、通信和其他电子设备制造业,64.4,16.25,26.6,25.0,5.63,2.0,-2.87,3.0,5.0,-0.099692,-0.230154,-0.256615,-0.364923,-0.099692,-0.286769
2026-07-02,11,002025,航天电器,C39计算机、通信和其他电子设备制造业,63.3,83.1,26.58,25.0,6.59,6.61,-12.52,6.0,5.0,0.00722,0.084838,0.007942,-0.132611,0.107942,0.00722
2026-07-02,12,600584,长电科技,C39计算机、通信和其他电子设备制造业,63.2,95.98,23.48,25.0,5.0,0.0,-5.32,10.0,5.0,-0.053136,0.052198,0.078558,-0.133049,0.078558,-0.053136
2026-07-02,13,002407,多氟多,C26化学原料和化学制品制造业,62.9,54.82,30.0,25.0,13.52,5.03,-21.6,6.0,5.0,-0.099964,-0.172747,-0.203758,-0.417731,-0.099964,-0.231667
2026-07-02,14,000823,超声电子,C39计算机、通信和其他电子设备制造业,62.8,23.4,27.58,25.0,5.63,0.0,-3.43,3.0,5.0,-0.051709,-0.174359,-0.179915,-0.347009,-0.051709,-0.210256
2026-07-02,15,600460,士兰微,C39计算机、通信和其他电子设备制造业,62.7,50.5,30.0,25.0,5.0,0.47,-12.76,10.0,5.0,-0.064356,-0.063564,-0.041584,-0.282772,-0.041584,-0.08495
2026-07-02,16,603650,彤程新材,C26化学原料和化学制品制造业,62.7,97.71,30.0,25.0,7.48,4.72,-15.55,6.0,5.0,-0.088323,-0.131409,-0.08341,-0.283799,-0.08341,-0.149831
2026-07-02,17,603505,金石资源,B10非金属矿采选业,62.6,24.39,28.49,20.94,15.0,9.0,-14.43,3.0,0.62,-0.092251,-0.207052,-0.298073,-0.350554,-0.092251,-0.298073
2026-07-02,18,002635,安洁科技,C39计算机、通信和其他电子设备制造业,62.4,21.24,25.25,25.0,14.18,2.0,-9.04,0.0,5.0,0.099812,-0.065913,-0.161488,-0.285782,0.099812,-0.161488
2026-07-02,19,603270,金帝股份,C34通用设备制造业,61.3,34.88,25.64,21.91,7.96,7.03,-3.19,0.0,1.88,-0.016628,-0.141628,-0.19094,-0.142775,-0.016628,-0.19094
2026-07-02,20,002747,埃斯顿,C34通用设备制造业,60.9,40.7,29.06,15.12,11.38,4.67,-7.18,6.0,1.88,0.1,0.203931,0.020393,0.042506,0.203931,0.020393
2026-07-01,1,000100,TCL科技,C39计算机、通信和其他电子设备制造业,78.7,6.12,29.41,25.0,9.01,7.97,-7.64,10.0,5.0,-0.03268,-0.151961,-0.176471,-0.179739,-0.03268,-0.176471
2026-07-01,2,600378,昊华科技,C26化学原料和化学制品制造业,72.7,81.0,30.0,24.48,8.95,8.8,-13.94,10.0,4.38,0.014444,-0.155432,-0.228272,-0.357654,0.014444,-0.228272
2026-07-01,3,601678,滨化股份,C26化学原料和化学制品制造业,72.6,7.0,25.63,24.51,10.5,7.66,-3.09,3.0,4.38,0.1,-0.108571,-0.18,-0.271429,0.1,-0.18
2026-07-01,4,603019,中科曙光,C39计算机、通信和其他电子设备制造业,72.1,102.45,23.52,25.0,8.55,2.0,-2.01,10.0,5.0,-0.077013,-0.077013,-0.041972,-0.055539,-0.041972,-0.095364
2026-07-01,5,600703,三安光电,C39计算机、通信和其他电子设备制造业,71.9,19.84,26.34,25.0,6.02,0.0,-0.42,10.0,5.0,-0.040323,-0.125504,-0.160786,-0.281754,-0.040323,-0.160786
2026-07-01,6,002106,莱宝高科,C39计算机、通信和其他电子设备制造业,71.8,18.05,30.0,25.0,10.74,7.19,-9.14,3.0,5.0,-0.099723,-0.27036,-0.357895,-0.416066,-0.099723,-0.357895
2026-07-01,7,603005,晶方科技,C39计算机、通信和其他电子设备制造业,71.5,52.65,27.93,25.0,6.07,1.89,-0.41,6.0,5.0,-0.099905,-0.191073,-0.219753,-0.297246,-0.099905,-0.219753
2026-07-01,8,000725,京东方A,C39计算机、通信和其他电子设备制造业,70.4,8.77,30.0,25.0,7.06,6.17,-12.8,10.0,5.0,0.037628,-0.115165,-0.129989,-0.27252,0.037628,-0.13569
2026-07-01,9,001309,德明利,C39计算机、通信和其他电子设备制造业,70.2,893.22,30.0,25.0,5.71,1.75,-7.27,10.0,5.0,-0.092049,0.046775,-0.076375,-0.258413,0.046775,-0.092049
2026-07-01,10,002025,航天电器,C39计算机、通信和其他电子设备制造业,70.0,80.2,27.64,21.79,7.69,6.74,-4.85,6.0,5.0,0.03616,0.148005,0.07606,-0.122693,0.148005,0.03616
2026-07-01,11,603078,江化微,C26化学原料和化学制品制造业,68.9,52.66,30.0,21.09,8.61,7.29,-5.53,3.0,4.38,0.080517,0.095708,-0.089442,-0.237562,0.095708,-0.089442
2026-07-01,12,001389,广合科技,C39计算机、通信和其他电子设备制造业,68.7,216.5,23.4,25.0,7.32,2.0,-0.0,6.0,5.0,-0.090993,-0.114365,-0.161663,-0.092379,-0.062356,-0.161663
2026-07-01,13,605358,立昂微,C39计算机、通信和其他电子设备制造业,68.5,79.84,30.0,22.45,6.11,6.07,-7.1,6.0,5.0,-0.09995,-0.254885,-0.273923,-0.336298,-0.09995,-0.273923
2026-07-01,14,000636,风华高科,C39计算机、通信和其他电子设备制造业,67.8,74.4,24.53,22.74,5.52,0.68,-0.69,10.0,5.0,-0.1,-0.21371,-0.18414,-0.267473,-0.1,-0.21371
2026-07-01,15,000012,南玻A,C30非金属矿物制品业,67.5,5.25,26.21,25.0,9.13,6.73,-4.42,3.0,1.88,-0.04381,-0.12,-0.20381,-0.260952,-0.028571,-0.20381
2026-07-01,16,000783,长江证券,J67资本市场服务,66.9,10.54,28.68,25.0,6.8,7.38,-7.52,6.0,0.62,-0.04649,-0.095825,-0.156546,-0.140417,-0.04649,-0.156546
2026-07-01,17,600584,长电科技,C39计算机、通信和其他电子设备制造业,66.9,106.64,30.0,25.0,6.09,5.2,-14.4,10.0,5.0,-0.099962,-0.108308,-0.117498,-0.132971,-0.052982,-0.147787
2026-07-01,18,002859,洁美科技,C39计算机、通信和其他电子设备制造业,66.9,109.9,28.63,25.0,5.67,2.0,-5.37,6.0,5.0,-0.1,-0.217561,-0.270519,-0.340036,-0.1,-0.270519
2026-07-01,19,603067,振华股份,C26化学原料和化学制品制造业,66.7,49.5,30.0,25.0,9.27,8.54,-16.46,6.0,4.38,-0.086061,-0.015556,-0.155556,-0.231717,-0.015556,-0.155556
2026-07-01,20,600367,红星发展,C26化学原料和化学制品制造业,66.5,63.8,30.0,20.51,6.82,5.0,-3.26,3.0,4.38,-0.08652,-0.252665,-0.331348,-0.426019,-0.08652,-0.331348
2026-06-30,1,603019,中科曙光,C39计算机、通信和其他电子设备制造业,75.8,107.23,25.94,25.0,10.21,7.96,-8.31,10.0,5.0,-0.044577,-0.13569,-0.128043,-0.049706,-0.044577,-0.13569
2026-06-30,2,000725,京东方A,C39计算机、通信和其他电子设备制造业,73.0,8.68,30.0,25.0,8.5,8.03,-13.55,10.0,5.0,0.010369,-0.034562,-0.126728,-0.191244,0.048387,-0.126728
2026-06-30,3,600522,中天科技,C38电气机械和器材制造业,72.1,60.68,30.0,25.0,4.34,0.04,-0.41,10.0,3.12,-0.086684,-0.17238,-0.220995,-0.293837,-0.086684,-0.220995
2026-06-30,4,000988,华工科技,C39计算机、通信和其他电子设备制造业,72.0,184.61,26.21,16.55,8.47,6.7,-0.9,10.0,5.0,-0.05991,-0.16608,-0.16803,-0.134175,-0.05991,-0.189101
2026-06-30,5,002156,通富微电,C39计算机、通信和其他电子设备制造业,71.8,75.87,24.63,25.0,5.4,2.35,-0.53,10.0,5.0,-0.025834,-0.145907,-0.100962,0.026361,-0.025834,-0.145907
2026-06-30,6,600105,永鼎股份,C38电气机械和器材制造业,71.7,67.48,30.0,25.0,4.33,1.43,-2.11,10.0,3.12,-0.074392,-0.191909,-0.273118,-0.279787,-0.074392,-0.273118
2026-06-30,7,001389,广合科技,C39计算机、通信和其他电子设备制造业,71.0,237.25,27.36,25.0,6.46,7.4,-6.25,6.0,5.0,-0.08746,-0.144362,-0.222887,-0.215975,-0.08746,-0.222887
2026-06-30,8,603005,晶方科技,C39计算机、通信和其他电子设备制造业,70.9,53.87,29.89,25.0,5.36,5.18,-5.5,6.0,5.0,-0.022647,-0.194728,-0.201411,-0.250789,-0.022647,-0.209393
2026-06-30,9,605358,立昂微,C39计算机、通信和其他电子设备制造业,70.8,77.6,28.45,23.05,5.57,3.41,-0.65,6.0,5.0,0.028866,-0.166624,-0.219974,-0.241237,0.028866,-0.233376
2026-06-30,10,600584,长电科技,C39计算机、通信和其他电子设备制造业,70.7,103.55,29.23,25.0,5.77,4.4,-8.71,10.0,5.0,0.029841,-0.122356,-0.024722,-0.008209,0.029841,-0.122356
2026-06-30,11,000021,深科技,C39计算机、通信和其他电子设备制造业,70.0,64.27,30.0,25.0,7.85,9.0,-16.83,10.0,5.0,-0.031274,-0.130076,-0.158705,-0.182978,-0.031274,-0.170686
2026-06-30,12,603678,火炬电子,C39计算机、通信和其他电子设备制造业,69.0,83.0,30.0,25.0,6.58,5.0,-8.59,6.0,5.0,0.054217,0.02988,-0.165783,-0.325181,0.054217,-0.165783
2026-06-30,13,002008,大族激光,C35专用设备制造业,68.9,150.11,23.61,25.0,6.2,2.02,-0.37,10.0,2.5,-0.080807,-0.136367,-0.131637,-0.203917,-0.080807,-0.167211
2026-06-30,14,002129,TCL中环,C38电气机械和器材制造业,68.7,12.02,25.72,22.6,8.1,6.83,-3.7,6.0,3.12,-0.009983,-0.137271,-0.083195,-0.161398,-0.009983,-0.166389
2026-06-30,15,002549,凯美特气,N77生态保护和环境治理业,68.5,21.05,28.94,25.0,10.95,4.87,-4.85,3.0,0.62,0.060808,-0.105938,-0.189074,-0.235629,0.060808,-0.189074
2026-06-30,16,002859,洁美科技,C39计算机、通信和其他电子设备制造业,68.4,109.51,30.0,25.0,7.37,2.0,-6.93,6.0,5.0,0.003561,-0.148297,-0.232399,-0.292393,0.003561,-0.232399
2026-06-30,17,603290,斯达半导,C39计算机、通信和其他电子设备制造业,68.0,152.94,27.41,23.81,7.01,7.38,-8.64,6.0,5.0,-0.006865,-0.154243,-0.160128,-0.239898,-0.006865,-0.171505
2026-06-30,18,600460,士兰微,C39计算机、通信和其他电子设备制造业,67.8,54.66,30.0,25.0,7.14,5.59,-14.91,10.0,5.0,-0.027625,-0.135565,-0.134834,-0.235273,-0.027625,-0.147091
2026-06-30,19,002138,顺络电子,C39计算机、通信和其他电子设备制造业,67.8,73.1,30.0,21.77,6.0,2.6,-3.54,6.0,5.0,0.02052,-0.112585,-0.163611,-0.308482,0.02052,-0.165116
2026-06-30,20,600703,三安光电,C39计算机、通信和其他电子设备制造业,67.6,21.22,29.47,25.0,4.64,1.58,-8.11,10.0,5.0,-0.065033,-0.140905,-0.162111,-0.294533,-0.065033,-0.182375
2026-06-29,1,000725,京东方A,C39计算机、通信和其他电子设备制造业,71.4,7.95,30.0,25.0,7.13,5.0,-10.72,10.0,5.0,0.091824,0.144654,-0.023899,-0.140881,0.144654,-0.023899
2026-06-29,2,605358,立昂微,C39计算机、通信和其他电子设备制造业,71.2,78.89,29.79,18.16,8.21,6.7,-2.71,6.0,5.0,-0.016352,-0.089111,-0.245912,-0.272405,0.012042,-0.245912
2026-06-29,3,600498,烽火通信,C39计算机、通信和其他电子设备制造业,71.0,72.07,28.09,22.78,5.86,0.0,-0.69,10.0,5.0,0.021229,-0.11586,-0.195504,-0.289857,0.021229,-0.195504
2026-06-29,4,603773,沃格光电,C39计算机、通信和其他电子设备制造业,70.9,163.35,30.0,25.0,5.83,0.0,-0.92,6.0,5.0,-0.002326,-0.156351,-0.244628,-0.338659,-0.002326,-0.244628
2026-06-29,5,002106,莱宝高科,C39计算机、通信和其他电子设备制造业,70.2,15.93,28.49,20.96,10.04,5.83,-3.15,3.0,5.0,0.099812,0.020088,-0.173258,-0.334589,0.133082,-0.173258
2026-06-29,6,600522,中天科技,C38电气机械和器材制造业,69.7,58.84,28.47,25.0,5.86,0.1,-2.85,10.0,3.12,0.031271,-0.123385,-0.183719,-0.297757,0.031271,-0.183719
2026-06-29,7,600105,永鼎股份,C38电气机械和器材制造业,69.3,63.1,26.55,25.0,5.17,0.15,-0.68,10.0,3.12,0.069414,-0.109192,-0.206815,-0.287797,0.069414,-0.206815
2026-06-29,8,603005,晶方科技,C39计算机、通信和其他电子设备制造业,68.0,48.97,23.14,25.0,7.87,1.03,-0.0,6.0,5.0,0.100061,-0.032265,-0.130284,-0.159077,0.100061,-0.130284
2026-06-29,9,600703,三安光电,C39计算机、通信和其他电子设备制造业,67.8,21.06,28.28,25.0,6.99,1.6,-9.03,10.0,5.0,0.007597,-0.095916,-0.176163,-0.253086,0.007597,-0.176163
2026-06-29,10,000636,风华高科,C39计算机、通信和其他电子设备制造业,67.7,80.27,30.0,24.09,6.09,5.69,-13.15,10.0,5.0,-0.100037,-0.165815,-0.27121,-0.327146,-0.073128,-0.27121
2026-06-29,11,002559,亚威股份,C34通用设备制造业,67.6,13.0,28.28,25.0,15.0,8.13,-9.36,0.0,0.62,-0.022308,0.183077,0.019231,-0.170769,0.183077,-0.022308
2026-06-29,12,603690,至纯科技,C35专用设备制造业,67.4,35.39,30.0,25.0,8.8,5.02,-7.47,3.0,3.12,0.000283,0.001413,-0.062447,-0.124046,0.037016,-0.076575
2026-06-29,13,002138,顺络电子,C39计算机、通信和其他电子设备制造业,66.9,74.74,30.0,20.9,8.0,4.26,-7.31,6.0,5.0,-0.021943,-0.096602,-0.183436,-0.34533,-0.001873,-0.183436
2026-06-29,14,600584,长电科技,C39计算机、通信和其他电子设备制造业,66.8,103.25,26.3,25.0,8.47,4.12,-12.09,10.0,5.0,0.002906,-0.070412,-0.079031,-0.040678,0.032833,-0.119806
2026-06-29,15,605111,新洁能,C39计算机、通信和其他电子设备制造业,66.6,90.13,29.57,25.0,7.8,7.49,-14.26,6.0,5.0,0.099967,-0.074892,-0.108399,-0.253412,0.099967,-0.108399
2026-06-29,16,603738,泰晶科技,C39计算机、通信和其他电子设备制造业,66.2,59.04,27.75,24.73,5.74,0.0,-0.0,3.0,5.0,0.017107,0.006944,-0.123645,-0.290142,0.118902,-0.123645
2026-06-29,17,001309,德明利,C39计算机、通信和其他电子设备制造业,66.2,970.0,30.0,25.0,5.97,5.72,-15.45,10.0,5.0,-0.027938,-0.163918,-0.036082,-0.257753,-0.027938,-0.163918
2026-06-29,18,605020,永和股份,C26化学原料和化学制品制造业,66.1,41.67,25.54,25.0,6.78,5.64,-2.99,3.0,3.12,-0.022798,0.161267,0.0024,-0.160307,0.161267,-0.022798
2026-06-29,19,000021,深科技,C39计算机、通信和其他电子设备制造业,65.7,58.86,30.0,25.0,7.45,6.87,-18.64,10.0,5.0,0.091913,-0.04808,-0.094461,-0.114509,0.091913,-0.094461
2026-06-29,20,002436,兴森科技,C39计算机、通信和其他电子设备制造业,65.4,49.0,25.43,24.08,5.38,0.0,-0.44,6.0,5.0,0.039796,-0.073265,-0.075714,-0.214286,0.039796,-0.075714
2026-06-25,1,000725,京东方A,C39计算机、通信和其他电子设备制造业,74.8,7.52,27.58,25.0,7.01,7.81,-7.64,10.0,5.0,0.035904,0.154255,0.210106,0.083777,0.210106,0.035904
2026-06-25,2,002046,国机精工,C34通用设备制造业,73.0,75.41,30.0,25.0,12.09,8.93,-10.33,6.0,1.25,-0.014454,-0.023339,-0.039915,-0.123591,-0.014454,-0.065774
2026-06-25,3,000636,风华高科,C39计算机、通信和其他电子设备制造业,69.5,79.62,30.0,25.0,5.88,7.13,-13.51,10.0,5.0,-0.014067,-0.09269,-0.159005,-0.189274,0.008164,-0.159005
2026-06-25,4,600703,三安光电,C39计算机、通信和其他电子设备制造业,69.1,21.67,27.82,25.0,10.95,5.22,-14.9,10.0,5.0,0.002769,-0.020766,-0.121366,-0.178588,0.002769,-0.121366
2026-06-25,5,001309,德明利,C39计算机、通信和其他电子设备制造业,69.1,891.0,29.33,25.0,7.81,9.0,-17.04,10.0,5.0,0.06734,0.058249,-0.089787,-0.034254,0.088664,-0.089787
2026-06-25,6,002859,洁美科技,C39计算机、通信和其他电子设备制造业,68.5,97.1,30.0,24.81,6.16,1.3,-4.77,6.0,5.0,0.068692,0.127806,0.018641,-0.146859,0.175592,0.018641
2026-06-25,7,600105,永鼎股份,C38电气机械和器材制造业,67.8,72.96,30.0,25.0,5.35,8.32,-13.96,10.0,3.12,-0.09937,-0.07511,-0.229578,-0.305647,-0.07511,-0.229578
2026-06-25,8,603773,沃格光电,C39计算机、通信和其他电子设备制造业,67.8,171.99,30.0,25.0,6.34,3.7,-8.19,6.0,5.0,0.034944,-0.052445,-0.198732,-0.269725,0.034944,-0.198732
2026-06-25,9,002436,兴森科技,C39计算机、通信和其他电子设备制造业,67.4,53.53,30.0,25.0,5.09,5.12,-12.81,10.0,5.0,-0.032132,-0.048197,-0.151691,-0.169625,-0.032132,-0.151691
2026-06-25,10,600522,中天科技,C38电气机械和器材制造业,66.2,68.1,30.0,25.0,6.04,8.04,-15.97,10.0,3.12,-0.1,-0.108957,-0.242584,-0.307783,-0.1,-0.242584
2026-06-25,11,600531,豫光金铅,C32有色金属冶炼和压延加工业,66.2,17.02,26.32,25.0,14.73,7.2,-13.79,3.0,3.75,-0.064042,-0.132785,-0.128672,-0.206228,-0.064042,-0.132785
2026-06-25,12,600110,诺德股份,C39计算机、通信和其他电子设备制造业,64.8,15.77,30.0,25.0,6.95,0.0,-5.14,3.0,5.0,-0.030438,-0.04312,-0.07863,-0.147749,-0.027901,-0.07863
2026-06-25,13,600345,长江通信,C39计算机、通信和其他电子设备制造业,64.8,72.62,30.0,25.0,5.28,4.48,-8.01,3.0,5.0,-0.099972,-0.097907,-0.189342,-0.181355,-0.097907,-0.189342
2026-06-25,14,000100,TCL科技,C39计算机、通信和其他电子设备制造业,64.6,5.34,21.75,17.79,9.35,5.68,-4.96,10.0,5.0,0.011236,0.089888,0.108614,0.003745,0.146067,-0.009363
2026-06-25,15,002378,章源钨业,C32有色金属冶炼和压延加工业,64.5,38.5,28.71,23.56,4.65,1.77,-3.94,6.0,3.75,-0.06,-0.13039,-0.07974,-0.276104,-0.06,-0.145455
2026-06-25,16,603019,中科曙光,C39计算机、通信和其他电子设备制造业,64.5,97.82,19.5,17.06,14.75,3.93,-5.74,10.0,5.0,0.009609,0.096197,-0.033327,0.063075,0.096197,-0.033327
2026-06-25,17,000783,长江证券,J67资本市场服务,64.0,10.15,25.47,23.45,13.78,7.43,-13.45,6.0,1.25,-0.038424,-0.039409,-0.009852,-0.077833,0.038424,-0.068966
2026-06-25,18,603618,杭电股份,C38电气机械和器材制造业,64.0,57.19,30.0,25.0,6.91,6.86,-13.89,6.0,3.12,-0.09075,-0.12782,-0.167862,-0.359853,-0.09075,-0.167862
2026-06-25,19,002428,云南锗业,C32有色金属冶炼和压延加工业,63.5,130.1,30.0,25.0,5.83,8.16,-19.25,10.0,3.75,-0.073943,-0.076249,-0.178324,-0.208455,-0.046887,-0.178324
2026-06-25,20,605589,圣泉集团,C26化学原料和化学制品制造业,63.2,72.96,30.0,25.0,5.67,4.27,-11.43,6.0,3.75,-0.085663,-0.128701,-0.213953,-0.241913,-0.085663,-0.213953
2026-06-23,1,600183,生益科技,C39计算机、通信和其他电子设备制造业,73.3,167.87,29.44,25.0,5.47,0.41,-2.0,10.0,5.0,0.056174,0.063323,0.032942,-0.101865,0.115149,0.019598
2026-06-23,2,600160,巨化股份,C26化学原料和化学制品制造业,69.0,46.85,27.39,25.0,5.36,0.37,-4.08,10.0,5.0,0.082818,0.087513,0.131483,-0.005763,0.148346,0.082818
2026-06-23,3,600460,士兰微,C39计算机、通信和其他电子设备制造业,62.9,47.04,30.0,25.0,8.02,6.9,-18.0,6.0,5.0,0.063138,0.071003,0.16199,0.005315,0.16199,0.059949
2026-06-23,4,600392,盛和资源,C32有色金属冶炼和压延加工业,62.5,31.03,27.83,25.0,6.77,2.0,-9.48,6.0,4.38,0.018369,-0.029326,-0.040606,-0.165968,0.037705,-0.077989
2026-06-23,5,600141,兴发集团,C26化学原料和化学制品制造业,61.3,39.24,24.68,25.0,7.26,1.05,-7.64,6.0,5.0,0.099898,0.243629,0.196993,-0.052243,0.243629,0.099898
2026-06-23,6,600110,诺德股份,C39计算机、通信和其他电子设备制造业,60.6,15.44,30.0,25.0,5.13,1.5,-9.07,3.0,5.0,-0.017487,-0.009715,-0.022668,-0.013601,0.021373,-0.045984
2026-06-23,7,600063,皖维高新,C26化学原料和化学制品制造业,60.0,8.22,22.86,25.0,5.2,1.05,-2.11,3.0,5.0,-0.025547,-0.043796,-0.075426,-0.184915,0.007299,-0.075426
2026-06-23,8,600105,永鼎股份,C38电气机械和器材制造业,59.7,62.49,27.3,25.0,5.87,3.1,-12.15,10.0,0.62,0.100016,0.051528,0.079853,-0.215074,0.167547,0.009762
2026-06-23,9,600367,红星发展,C26化学原料和化学制品制造业,59.4,56.0,30.0,21.25,5.78,0.83,-6.43,3.0,5.0,-0.089286,0.040714,0.12375,-0.184286,0.12375,-0.089286
2026-06-23,10,600500,中化国际,C26化学原料和化学制品制造业,58.3,8.04,29.52,25.0,5.54,0.0,-9.75,3.0,5.0,-0.023632,0.109453,-0.026119,-0.162935,0.109453,-0.026119
2026-06-23,11,600345,长江通信,C39计算机、通信和其他电子设备制造业,57.3,73.0,30.0,25.0,7.05,6.98,-19.71,3.0,5.0,-0.025479,-0.104658,-0.102603,-0.223288,-0.005205,-0.14
2026-06-23,12,600516,方大炭素,C30非金属矿物制品业,57.1,6.32,24.5,22.47,4.38,3.18,-2.34,3.0,1.88,-0.026899,0.023734,-0.023734,-0.14557,0.071203,-0.077532
2026-06-23,13,600206,有研新材,C32有色金属冶炼和压延加工业,56.4,48.35,30.0,25.0,7.95,7.33,-24.32,6.0,4.38,0.070527,0.25667,0.377456,0.157808,0.377456,0.070527
2026-06-23,14,600226,亨通股份,D44电力、热力生产和供应业,55.0,10.37,30.0,25.0,6.39,3.02,-16.73,6.0,1.25,0.100289,0.015429,-0.075217,-0.16972,0.100289,-0.077146
2026-06-23,15,600497,驰宏锌锗,C32有色金属冶炼和压延加工业,54.7,11.0,20.15,16.38,13.73,1.88,-7.87,6.0,4.38,0.1,0.14,0.100909,-0.06,0.163636,0.1
2026-06-23,16,600498,烽火通信,C39计算机、通信和其他电子设备制造业,54.7,82.75,30.0,25.0,5.42,6.05,-26.77,10.0,5.0,-0.005921,-0.078912,-0.110574,-0.312024,0.023444,-0.129063
2026-06-23,17,600378,昊华科技,C26化学原料和化学制品制造业,54.6,66.34,30.0,25.0,4.79,2.0,-22.15,10.0,5.0,0.01221,-0.060898,0.136268,-0.011607,0.136268,-0.060898
2026-06-23,18,600458,时代新材,C29橡胶和塑料制品业,53.2,15.93,24.97,25.0,2.68,0.31,-3.42,3.0,0.62,-0.034526,-0.01381,0.03892,-0.022599,0.062147,-0.034526
2026-06-23,19,600176,中国巨石,C30非金属矿物制品业,52.0,58.93,30.0,25.0,6.17,6.26,-27.3,10.0,1.88,0.099949,0.257763,0.236722,0.018157,0.257763,0.099949
2026-06-23,20,600184,光电股份,C35专用设备制造业,51.1,28.75,19.85,16.17,9.92,3.58,-2.0,3.0,0.62,-0.077565,0.050783,0.113391,-0.203478,0.113391,-0.077565
2026-06-22,1,002436,兴森科技,C39计算机、通信和其他电子设备制造业,74.2,47.8,,,,,,,,0.014644,0.119874,0.025105,-0.05251,0.119874,0.014644
2026-06-22,2,600160,巨化股份,C26化学原料和化学制品制造业,72.3,47.7,,,,,,,,-0.01782,0.06499,0.127883,0.028302,0.127883,-0.01782
2026-06-22,3,600549,厦门钨业,C32有色金属冶炼和压延加工业,71.5,80.84,,,,,,,,0.056779,0.062098,0.037358,-0.123701,0.062098,0.027091
2026-06-22,4,000636,风华高科,C39计算机、通信和其他电子设备制造业,69.4,74.06,,,,,,,,-0.051985,0.075074,0.083851,-0.2101,0.083851,-0.051985
2026-06-22,5,002171,楚江新材,C32有色金属冶炼和压延加工业,68.6,15.0,,,,,,,,-0.013333,0.047333,-0.124667,-0.151333,0.047333,-0.124667
2026-06-22,6,002851,麦格米特,C38电气机械和器材制造业,68.0,178.9,,,,,,,,-0.0327,-0.038681,-0.098267,-0.152655,-0.0327,-0.101397
2026-06-22,7,605376,博迁新材,C39计算机、通信和其他电子设备制造业,67.7,210.28,,,,,,,,0.065246,0.173863,0.32918,0.040232,0.32918,0.065246
2026-06-22,8,002138,顺络电子,C39计算机、通信和其他电子设备制造业,67.5,66.52,,,,,,,,-0.006314,0.070204,0.123572,-0.082532,0.123572,-0.006314
2026-06-22,9,600500,中化国际,C26化学原料和化学制品制造业,66.4,9.2,,,,,,,,-0.126087,-0.06087,-0.127174,-0.241304,-0.030435,-0.146739
2026-06-22,10,603678,火炬电子,C39计算机、通信和其他电子设备制造业,66.4,69.71,,,,,,,,-0.10931,0.077751,0.15378,0.103572,0.15378,-0.10931
2026-06-22,11,603986,兆易创新,C39计算机、通信和其他电子设备制造业,66.2,586.04,,,,,,,,0.093765,0.322794,0.433349,0.11646,0.433349,0.093765
2026-06-22,12,603328,依顿电子,C39计算机、通信和其他电子设备制造业,65.9,15.12,,,,,,,,-0.114418,-0.070106,-0.193783,-0.186508,-0.070106,-0.193783
2026-06-22,13,002378,章源钨业,C32有色金属冶炼和压延加工业,65.8,34.88,,,,,,,,0.045585,0.103784,-0.025229,-0.1293,0.103784,-0.025229
2026-06-22,14,000510,新金路,C26化学原料和化学制品制造业,65.4,22.02,,,,,,,,0.09446,0.180745,0.194369,-0.059491,0.194369,0.09446
2026-06-22,15,600460,士兰微,C39计算机、通信和其他电子设备制造业,65.2,40.83,,,,,,,,0.152094,0.221161,0.288024,0.141807,0.288024,0.152094
2026-06-22,16,600105,永鼎股份,C38电气机械和器材制造业,65.0,63.09,,,,,,,,-0.00951,0.156443,0.000159,-0.206689,0.156443,-0.00951
2026-06-22,17,002815,崇达技术,C39计算机、通信和其他电子设备制造业,64.9,20.14,,,,,,,,-0.11718,-0.07001,-0.21003,-0.187686,-0.07001,-0.21003
2026-06-22,18,002409,雅克科技,C26化学原料和化学制品制造业,64.8,147.92,,,,,,,,0.063548,0.223837,0.402515,0.260479,0.402515,0.063548
2026-06-22,19,600459,贵研铂业,C32有色金属冶炼和压延加工业,64.5,26.52,,,,,,,,153.836037,0.012821,0.099925,-0.119155,0.099925,-0.027149
2026-06-22,20,000823,超声电子,C39计算机、通信和其他电子设备制造业,64.3,22.11,,,,,,,,-0.033017,0.170059,0.173225,-0.092266,0.2872,-0.033017
2026-06-02,1,000012,主板模拟12,机器人,38.5,11.7,,,,,,,,-0.648718,-0.625641,-0.623932,-0.613675,-0.623932,-0.648718
2026-06-02,2,605011,主板模拟11,机器人,38.2,11.535,,,,,,,,0.920243,0.79974,0.686173,0.580407,0.920243,0.686173
2026-06-02,3,603010,主板模拟10,机器人,37.7,11.37,,,,,,,,0.259455,0.230431,0.218118,0.263852,0.259455,0.204925
2026-06-02,4,601009,主板模拟09,低空经济,37.0,11.205,,,,,,,,-0.005801,-0.004016,0.022758,-0.002231,0.022758,-0.017403
2026-06-02,5,600008,主板模拟08,低空经济,36.3,11.04,,,,,,,,-0.705616,-0.71558,-0.718297,-0.71558,-0.705616,-0.72192
2026-06-02,6,002007,主板模拟07,低空经济,35.7,10.875,,,,,,,,0.248736,0.236782,0.212874,0.185287,0.248736,0.212874
2026-06-02,7,001006,主板模拟06,人工智能,34.4,10.71,,,,,,,,,,,,,
2026-06-02,8,605004,主板模拟04,算力租赁,34.3,10.38,,,,,,,,,,,,,
2026-06-02,9,000005,主板模拟05,人工智能,33.6,10.545,,,,,,,,,,,,,
2026-06-02,10,603003,主板模拟03,算力租赁,33.6,10.215,,,,,,,,,,,,,
2026-06-02,11,601002,主板模拟02,算力租赁,32.9,10.05,,,,,,,,-0.490547,-0.491542,-0.506468,-0.519403,-0.490547,-0.508458
2026-06-02,12,600001,主板模拟01,算力租赁,29.2,9.885,,,,,,,,,,,,,
